<Ticker>,<DTYYYYMMDD>,<OpenFixed>,<HighFixed>,<LowFixed>,<CloseFixed>,<Volume>
PPP,20180713,7.5,7.5,7.5,7.5,900
PPP,20180712,7.5,7.5,7.5,7.5,600
PPP,20180711,,,,8,0
PPP,20180710,8,8,8,8,300
PPP,20180709,,,,8,0
PPP,20180706,,,,8,0
PPP,20180705,,,,8,0
PPP,20180704,,,,8,0
PPP,20180703,8,8,8,8,600
PPP,20180702,,,,8,0
PPP,20180629,8,8,8,8,300
PPP,20180628,8,8,8,8,206
PPP,20180627,8,8,8,8,1800
PPP,20180626,,,,8.1,0
PPP,20180625,,,,8.1,0
PPP,20180622,,,,8.1,0
PPP,20180621,,,,8.1,0
PPP,20180620,,,,8.1,0
PPP,20180619,,,,8.1,0
PPP,20180618,,,,8.1,0
PPP,20180615,,,,8.1,0
PPP,20180614,,,,8.1,0
PPP,20180613,,,,8.1,0
PPP,20180612,,,,8.1,0
PPP,20180611,8.1,8.1,8.1,8.1,2300
PPP,20180608,8.1,8.1,8.1,8.1,1200
PPP,20180607,8.1,8.1,8.1,8.1,100
PPP,20180606,,,,9,0
PPP,20180605,9,9,9,9,1000
PPP,20180604,,,,9,0
PPP,20180601,,,,9,0
PPP,20180531,,,,9,0
PPP,20180530,,,,9,0
PPP,20180529,,,,9,0
PPP,20180528,,,,9,0
PPP,20180525,,,,9,0
PPP,20180524,,,,9,0
PPP,20180523,9,9,9,9,1100
PPP,20180522,9,9,9,9,900
PPP,20180521,,,,10,0
PPP,20180518,,,,10,0
PPP,20180517,,,,10,0
PPP,20180516,10,10,10,10,600
PPP,20180515,,,,10.4,0
PPP,20180514,,,,10.4,0
PPP,20180511,,,,10.4,0
PPP,20180510,,,,10.4,0
PPP,20180509,,,,10.4,0
PPP,20180508,10.4,10.4,10.4,10.4,6
PPP,20180507,10.4,10.4,10.4,10.4,100
PPP,20180504,9.5,9.5,9.5,9.5,100
PPP,20180503,10.5,10.5,10.5,10.5,800
PPP,20180502,,,,10.5,0
PPP,20180427,,,,10.5,0
PPP,20180426,,,,10.5,0
PPP,20180424,10.5,10.5,10.5,10.5,1500
PPP,20180423,,,,10.5,0
PPP,20180420,,,,10.5,0
PPP,20180419,,,,10.5,0
PPP,20180418,,,,10.5,0
PPP,20180417,10.5,10.5,10.5,10.5,100
PPP,20180416,9.9,9.9,9.6,9.6,10000
PPP,20180413,10,10.5,10,10,4900
PPP,20180412,10,10,10,10,100
PPP,20180411,10.1,10.1,10.1,10.1,200
PPP,20180410,,,,10.1,0
PPP,20180409,,,,10.1,0
PPP,20180406,,,,10.1,0
PPP,20180405,,,,10.1,0
PPP,20180404,,,,10.1,0
PPP,20180403,,,,10.1,0
PPP,20180402,10.1,10.1,10.1,10.1,200
PPP,20180330,,,,10.1,0
PPP,20180329,10.1,10.1,10.1,10.1,5
PPP,20180328,,,,10.1,0
PPP,20180327,10.1,10.1,10.1,10.1,302
PPP,20180326,10.1,10.1,10.1,10.1,105
PPP,20180323,10.29,10.29,10.2,10.19,1100
PPP,20180322,,,,10.66,0
PPP,20180321,,,,10.66,0
PPP,20180320,,,,10.66,0
PPP,20180319,10.66,10.66,10.66,10.66,20
PPP,20180316,10.66,10.66,10.66,10.66,400
PPP,20180315,,,,10.66,0
PPP,20180314,10.47,10.66,10.47,10.66,1300
PPP,20180313,,,,10.66,0
PPP,20180312,,,,10.66,0
PPP,20180309,,,,10.66,0
PPP,20180308,,,,10.66,0
PPP,20180307,,,,10.66,0
PPP,20180306,,,,10.66,0
PPP,20180305,10.65,10.65,10.65,10.66,3100
PPP,20180302,10.19,10.19,10.19,10.19,50
PPP,20180301,10.19,10.19,10.19,10.19,300
PPP,20180228,10.2,10.2,10.2,10.19,2100
PPP,20180227,,,,9.27,0
PPP,20180226,9.27,9.27,9.18,9.27,3600
PPP,20180223,9.26,9.26,9.26,9.27,170
PPP,20180222,,,,8.43,0
PPP,20180221,,,,8.43,0
PPP,20180213,,,,8.43,0
PPP,20180212,,,,8.43,0
PPP,20180209,,,,8.43,0
PPP,20180208,,,,8.43,0
PPP,20180207,,,,8.43,0
PPP,20180206,8.43,8.43,8.43,8.43,100
PPP,20180205,,,,7.69,0
PPP,20180202,7.69,7.69,7.69,7.69,100
PPP,20180201,,,,7.69,0
PPP,20180131,,,,7.69,0
PPP,20180130,7.69,7.69,7.69,7.69,100
PPP,20180129,,,,8.52,0
PPP,20180126,,,,8.52,0
PPP,20180125,8.52,8.52,8.52,8.52,700
PPP,20180122,,,,11.58,0
PPP,20180119,,,,11.58,0
PPP,20180118,,,,11.58,0
PPP,20180117,,,,11.58,0
PPP,20180116,,,,11.58,0
PPP,20180115,,,,11.58,0
PPP,20180112,,,,11.58,0
PPP,20180111,,,,11.58,0
PPP,20180110,,,,11.58,0
PPP,20180109,,,,11.58,0
PPP,20180108,,,,11.58,0
PPP,20180105,,,,11.58,0
PPP,20180104,,,,11.58,0
PPP,20180103,,,,11.58,0
PPP,20180102,,,,11.58,0
PPP,20171229,,,,11.58,0
PPP,20171228,,,,11.58,0
PPP,20171227,,,,11.58,0
PPP,20171226,,,,11.58,0
PPP,20171225,,,,11.58,0
PPP,20171222,,,,11.58,0
PPP,20171221,11.58,11.58,11.58,11.58,600
PPP,20171220,,,,11.12,0
PPP,20171219,,,,11.12,0
PPP,20171218,,,,11.12,0
PPP,20171215,,,,11.12,0
PPP,20171214,,,,11.12,0
PPP,20171213,,,,11.12,0
PPP,20171212,,,,11.12,0
PPP,20171211,,,,11.12,0
PPP,20171208,,,,11.12,0
PPP,20171207,,,,11.12,0
PPP,20171206,,,,11.12,0
PPP,20171205,,,,11.12,0
PPP,20171204,,,,11.12,0
PPP,20171201,,,,11.12,0
PPP,20171130,,,,11.12,0
PPP,20171129,,,,11.12,0
PPP,20171128,,,,11.12,0
PPP,20171127,,,,11.12,0
PPP,20171124,,,,11.12,0
PPP,20171123,,,,11.12,0
PPP,20171122,11.12,11.12,11.12,11.12,50
PPP,20171121,,,,11.12,0
PPP,20171120,,,,11.12,0
PPP,20171117,,,,11.12,0
PPP,20171116,,,,11.12,0
PPP,20171115,,,,11.12,0
PPP,20171114,,,,11.12,0
PPP,20171113,,,,11.12,0
PPP,20171110,,,,11.12,0
PPP,20171109,,,,11.12,0
PPP,20171108,,,,11.12,0
PPP,20171107,,,,11.12,0
PPP,20171106,,,,11.12,0
PPP,20171103,,,,11.12,0
PPP,20171102,,,,11.12,0
PPP,20171101,,,,11.12,0
PPP,20171031,,,,11.12,0
PPP,20171030,,,,11.12,0
PPP,20171027,,,,11.12,0
PPP,20171026,,,,11.12,0
PPP,20171025,11.12,11.12,11.12,11.12,9500
PPP,20171024,,,,11.12,0
PPP,20171023,,,,11.12,0
PPP,20171020,,,,11.12,0
PPP,20171019,,,,11.12,0
PPP,20171018,,,,11.12,0
PPP,20171017,,,,11.12,0
PPP,20171016,,,,11.12,0
PPP,20171013,,,,11.12,0
PPP,20171012,,,,11.12,0
PPP,20171011,,,,11.12,0
PPP,20171010,,,,11.12,0
PPP,20171009,,,,11.12,0
PPP,20171006,,,,11.12,0
PPP,20171005,,,,11.12,0
PPP,20171004,,,,11.12,0
PPP,20171003,,,,11.12,0
PPP,20171002,,,,11.12,0
PPP,20170929,,,,11.12,0
PPP,20170928,,,,11.12,0
PPP,20170927,,,,11.12,0
PPP,20170926,,,,11.12,0
PPP,20170925,,,,11.12,0
PPP,20170922,,,,11.12,0
PPP,20170921,,,,11.12,0
PPP,20170920,,,,11.12,0
PPP,20170919,,,,11.12,0
PPP,20170918,,,,11.12,0
PPP,20170915,,,,11.12,0
PPP,20170914,,,,11.12,0
PPP,20170913,,,,11.12,0
PPP,20170912,,,,11.12,0
PPP,20170911,,,,11.12,0
PPP,20170908,,,,11.12,0
PPP,20170907,,,,11.12,0
PPP,20170906,,,,11.12,0
PPP,20170905,,,,11.12,0
PPP,20170901,,,,11.12,0
PPP,20170831,11.12,11.12,11.12,11.12,3600
PPP,20170830,11.12,11.12,11.12,11.12,100
PPP,20170829,,,,11.12,0
PPP,20170828,,,,11.12,0
PPP,20170825,,,,11.12,0
PPP,20170824,,,,11.12,0
PPP,20170823,,,,11.12,0
PPP,20170822,,,,11.12,0
PPP,20170821,10.65,11.12,10.65,11.12,5000
PPP,20170818,,,,10.56,0
PPP,20170817,10.57,10.57,10.57,10.56,400
PPP,20170816,10.66,10.66,10.66,10.66,200
PPP,20170815,,,,10.29,0
PPP,20170814,,,,10.29,0
PPP,20170811,,,,10.29,0
PPP,20170810,10.29,10.29,10.29,10.29,100
PPP,20170809,,,,9.73,0
PPP,20170808,,,,9.73,0
PPP,20170807,9.73,9.73,9.73,9.73,7500
PPP,20170804,9.73,9.73,9.73,9.73,9800
PPP,20170803,,,,9.54,0
PPP,20170802,9.54,9.54,9.54,9.54,1000
PPP,20170801,,,,9.54,0
PPP,20170731,,,,9.54,0
PPP,20170728,,,,9.54,0
PPP,20170727,9.54,9.54,9.54,9.54,26
PPP,20170726,,,,9.54,0
PPP,20170725,9.73,9.73,9.55,9.54,15200
PPP,20170724,,,,9.36,0
PPP,20170721,,,,9.36,0
PPP,20170720,,,,9.36,0
PPP,20170719,,,,9.36,0
PPP,20170718,,,,9.36,0
PPP,20170717,,,,9.36,0
PPP,20170714,,,,9.36,0
PPP,20170713,,,,9.36,0
PPP,20170712,,,,9.36,0
PPP,20170711,,,,9.36,0
PPP,20170710,,,,9.36,0
PPP,20170707,,,,9.36,0
PPP,20170706,9.36,9.36,9.36,9.36,20700
PPP,20170705,,,,9.36,0
PPP,20170704,9.36,9.36,9.36,9.36,7200
PPP,20170703,9.36,9.36,9.36,9.36,100
PPP,20170630,,,,9.36,0
PPP,20170629,,,,9.36,0
PPP,20170628,,,,9.36,0
PPP,20170627,9.36,9.36,9.36,9.36,600
PPP,20170626,9.36,9.36,9.36,9.36,500
PPP,20170623,,,,9.27,0
PPP,20170622,,,,9.27,0
PPP,20170621,9.27,9.27,9.27,9.27,1000
PPP,20170620,,,,9.27,0
PPP,20170619,,,,9.27,0
PPP,20170616,,,,9.27,0
PPP,20170615,9.27,9.27,9.27,9.27,24
PPP,20170614,,,,9.27,0
PPP,20170613,,,,9.27,0
PPP,20170612,,,,9.27,0
PPP,20170609,,,,9.27,0
PPP,20170608,9.26,9.26,9.26,9.27,900
PPP,20170607,8.8,8.8,8.8,8.8,50
PPP,20170606,,,,8.8,0
PPP,20170605,,,,8.8,0
PPP,20170602,,,,8.8,0
PPP,20170601,8.8,8.8,8.8,8.8,100
PPP,20170531,,,,8.8,0
PPP,20170530,,,,8.8,0
PPP,20170529,,,,8.8,0
PPP,20170526,,,,8.8,0
PPP,20170525,,,,8.8,0
PPP,20170524,,,,8.8,0
PPP,20170523,,,,8.8,0
PPP,20170522,8.81,8.81,8.81,8.8,3000
PPP,20170519,,,,9.27,0
PPP,20170518,9.26,9.26,9.26,9.27,1100
PPP,20170517,,,,10.19,0
PPP,20170516,,,,10.19,0
PPP,20170515,,,,10.19,0
PPP,20170512,,,,10.19,0
PPP,20170511,,,,10.19,0
PPP,20170510,10.19,10.19,10.19,10.19,100
PPP,20170509,9.73,9.73,9.73,9.73,600
PPP,20170508,,,,10.19,0
PPP,20170505,,,,10.19,0
PPP,20170504,10.19,10.19,10.19,10.19,400
PPP,20170503,,,,11.12,0
PPP,20170428,,,,11.12,0
PPP,20170427,,,,11.12,0
PPP,20170426,,,,11.12,0
PPP,20170425,,,,11.12,0
PPP,20170424,11.12,11.12,11.12,11.12,900
PPP,20170421,,,,12.32,0
PPP,20170420,,,,12.32,0
PPP,20170419,,,,12.32,0
PPP,20170418,,,,12.32,0
PPP,20170417,,,,12.32,0
PPP,20170414,,,,12.32,0
PPP,20170413,,,,12.32,0
PPP,20170412,,,,12.32,0
PPP,20170411,12.33,12.33,12.33,12.32,400
PPP,20170410,,,,13.44,0
PPP,20170407,,,,13.44,0
PPP,20170405,,,,13.44,0
PPP,20170404,,,,13.44,0
PPP,20170403,13.62,13.62,13.34,13.44,500
PPP,20170331,12.51,12.51,12.51,12.51,200
PPP,20170330,13.81,13.81,13.81,13.81,100
PPP,20170329,12.79,12.79,12.79,12.79,100
PPP,20170328,11.77,11.77,11.77,11.77,100
PPP,20170327,,,,13.07,0
PPP,20170324,,,,13.07,0
PPP,20170323,11.77,13.07,11.77,13.07,300
PPP,20170322,13.07,13.07,13.07,13.07,108
PPP,20170321,12.88,12.88,12.05,12.05,200
PPP,20170320,12.79,12.79,11.86,11.86,2100
PPP,20170317,13.86,13.86,11.77,11.77,308
PPP,20170316,12.99,12.99,12.99,12.99,100
PPP,20170315,12.38,12.38,12.38,12.38,100
PPP,20170314,12.2,12.2,11.33,11.33,200
PPP,20170313,12.56,12.56,12.56,12.55,100
PPP,20170310,11.86,11.86,11.86,11.86,100
PPP,20170309,,,,10.9,0
PPP,20170308,11.42,11.42,10.9,10.9,200
PPP,20170307,,,,10.46,0
PPP,20170306,9.93,10.46,9.93,10.46,200
PPP,20170303,,,,10.98,0
PPP,20170302,10.98,10.98,10.98,10.98,100
PPP,20170301,,,,10.11,0
PPP,20170228,,,,10.11,0
PPP,20170227,,,,10.11,0
PPP,20170224,10.11,10.11,10.11,10.11,100
PPP,20170223,10.02,11.07,10.02,11.07,2000
PPP,20170222,10.02,10.11,10.02,10.11,500
PPP,20170221,10.98,10.98,9.24,9.24,1800
PPP,20170220,10.19,10.19,10.19,10.2,100
PPP,20170217,,,,9.41,0
PPP,20170216,9.41,9.41,9.41,9.41,100
PPP,20170215,10.28,10.28,8.63,8.63,200
PPP,20170214,9.5,9.5,9.5,9.5,100
PPP,20170213,8.72,8.72,8.72,8.72,100
PPP,20170210,9.5,9.5,8.02,8.02,200
PPP,20170209,8.81,8.81,8.81,8.8,100
PPP,20170208,9.68,9.68,9.68,9.68,100
PPP,20170207,8.97,8.97,8.97,8.98,100
PPP,20170206,9.68,9.68,8.2,8.19,200
PPP,20170203,8.98,8.98,8.98,8.98,100
PPP,20170202,,,,8.28,0
PPP,20170125,8.29,8.29,8.29,8.28,100
PPP,20170124,,,,9.07,0
PPP,20170123,,,,9.07,0
PPP,20170120,9.06,9.06,9.06,9.07,1100
PPP,20170119,10.02,10.02,10.02,10.02,100
PPP,20170118,,,,9.24,0
PPP,20170117,9.24,9.24,9.24,9.24,100
PPP,20170116,12.03,12.03,10.2,10.2,200
PPP,20170113,,,,11.33,0
PPP,20170112,11.33,11.33,11.33,11.33,100
PPP,20170111,,,,10.46,0
PPP,20170110,10.46,10.46,10.46,10.46,100
PPP,20170109,,,,9.59,0
PPP,20170106,9.5,9.59,9.5,9.59,300
PPP,20170105,,,,8.72,0
PPP,20170104,,,,8.72,0
PPP,20170103,,,,8.72,0
PPP,20161230,,,,8.72,0
PPP,20161229,,,,8.72,0
PPP,20161228,,,,8.72,0
PPP,20161227,,,,8.72,0
PPP,20161226,,,,8.72,0
PPP,20161223,,,,8.72,0
PPP,20161222,,,,8.72,0
PPP,20161221,,,,8.72,0
PPP,20161220,,,,8.72,0
PPP,20161219,8.72,8.72,8.72,8.72,3000
PPP,20161216,,,,9.59,0
PPP,20161215,,,,9.59,0
PPP,20161214,,,,9.59,0
PPP,20161213,,,,9.59,0
PPP,20161212,9.59,9.59,9.59,9.59,100
PPP,20161209,,,,8.72,0
PPP,20161208,,,,8.72,0
PPP,20161207,,,,8.72,0
PPP,20161206,8.72,8.72,8.72,8.72,1000
PPP,20161205,,,,8.72,0
PPP,20161202,,,,8.72,0
PPP,20161201,8.72,8.72,8.72,8.72,5000
PPP,20161130,,,,8.63,0
PPP,20161129,,,,8.63,0
PPP,20161128,,,,8.63,0
PPP,20161125,,,,8.63,0
PPP,20161124,,,,8.63,0
PPP,20161123,,,,8.63,0
PPP,20161122,,,,8.63,0
PPP,20161121,,,,8.63,0
PPP,20161118,8.63,8.63,8.63,8.63,1000
PPP,20161117,,,,8.63,0
PPP,20161116,,,,8.63,0
PPP,20161115,8.63,8.63,8.63,8.63,3000
PPP,20161114,,,,8.63,0
PPP,20161111,,,,8.63,0
PPP,20161110,,,,8.63,0
PPP,20161109,,,,8.63,0
PPP,20161108,,,,8.63,0
PPP,20161107,8.63,8.63,8.63,8.63,100
PPP,20161104,,,,8.72,0
PPP,20161103,8.72,8.72,8.72,8.72,500
PPP,20161102,8.98,8.98,8.98,8.98,800
PPP,20161101,8.72,8.72,8.72,8.72,300
PPP,20161031,8.72,8.72,8.72,8.72,1000
PPP,20161028,,,,9.59,0
PPP,20161027,,,,9.59,0
PPP,20161026,9.59,9.59,9.59,9.59,1000
PPP,20161025,,,,8.98,0
PPP,20161024,,,,8.98,0
PPP,20161021,10.72,10.72,8.98,8.98,200
PPP,20161020,,,,9.94,0
PPP,20161019,,,,9.94,0
PPP,20161018,9.94,9.94,9.94,9.94,100
PPP,20161017,,,,9.33,0
PPP,20161014,,,,9.33,0
PPP,20161013,9.33,9.33,9.33,9.33,100
PPP,20161012,8.02,8.63,8.02,8.63,500
PPP,20161011,,,,7.85,0
PPP,20161010,,,,7.85,0
PPP,20161007,,,,7.85,0
PPP,20161006,7.94,7.94,7.85,7.85,1200
PPP,20161005,8.71,8.71,8.71,8.72,100
PPP,20161004,,,,9.41,0
PPP,20161003,9.41,9.41,9.41,9.41,100
PPP,20160930,,,,10.37,0
PPP,20160929,,,,10.37,0
PPP,20160928,,,,10.37,0
PPP,20160927,,,,10.37,0
PPP,20160926,,,,10.37,0
PPP,20160923,10.37,10.37,10.37,10.37,100
PPP,20160922,8.72,9.59,8.72,9.59,17600
PPP,20160921,8.54,8.72,8.54,8.72,5400
PPP,20160920,8.02,8.02,8.02,8.02,100
PPP,20160919,,,,7.93,0
PPP,20160916,,,,7.93,0
PPP,20160915,,,,7.93,0
PPP,20160914,7.93,7.93,7.93,7.93,100
PPP,20160913,7.93,8.63,7.93,8.63,300
PPP,20160912,8.63,8.63,8.63,8.63,100
PPP,20160909,,,,8.02,0
PPP,20160908,8.02,8.02,8.02,8.02,100
PPP,20160907,8.54,8.54,8.54,8.54,1200
PPP,20160906,8.54,8.54,8.54,8.54,400
PPP,20160905,8.28,8.54,8.28,8.54,700
PPP,20160901,,,,8.54,0
PPP,20160831,8.28,8.54,8.28,8.54,2300
PPP,20160830,,,,8.02,0
PPP,20160829,8.02,8.02,8.02,8.02,100
PPP,20160826,7.33,7.33,7.33,7.32,100
PPP,20160825,9.33,9.33,8.11,8.11,200
PPP,20160824,,,,8.63,0
PPP,20160823,8.63,8.63,8.63,8.63,200
PPP,20160822,7.84,7.84,7.84,7.85,100
PPP,20160819,7.85,8.55,7.85,8.54,2300
PPP,20160818,,,,7.85,0
PPP,20160817,7.85,7.85,7.85,7.85,1200
PPP,20160816,7.15,7.15,7.15,7.15,100
PPP,20160815,7.85,7.85,7.85,7.85,300
PPP,20160812,7.85,7.85,7.85,7.85,1800
PPP,20160811,7.85,7.85,7.85,7.85,1400
PPP,20160810,,,,8.11,0
PPP,20160809,7.84,8.11,7.84,8.11,4000
PPP,20160808,,,,7.67,0
PPP,20160805,7.58,7.67,7.58,7.67,297782
PPP,20160804,7.59,7.59,7.59,7.58,110900
PPP,20160803,,,,7.85,0
PPP,20160802,7.85,7.85,7.85,7.85,1000
PPP,20160801,,,,7.41,0
PPP,20160729,,,,7.41,0
PPP,20160728,,,,7.41,0
PPP,20160727,,,,7.41,0
PPP,20160726,,,,7.41,0
PPP,20160725,,,,7.41,0
PPP,20160722,,,,7.41,0
PPP,20160721,,,,7.41,0
PPP,20160720,,,,7.41,0
PPP,20160719,,,,7.41,0
PPP,20160718,,,,7.41,0
PPP,20160715,,,,7.41,0
PPP,20160714,,,,7.41,0
PPP,20160713,,,,7.41,0
PPP,20160712,7.41,7.41,7.41,7.41,100
PPP,20160711,,,,7.5,0
PPP,20160708,7.84,7.84,7.49,7.5,7400
PPP,20160707,7.75,7.75,7.58,7.58,1000
PPP,20160706,,,,7.58,0
PPP,20160705,,,,7.58,0
PPP,20160704,,,,7.58,0
PPP,20160701,,,,7.58,0
PPP,20160630,7.59,7.59,7.59,7.58,1500
PPP,20160629,,,,7.24,0
PPP,20160628,,,,7.24,0
PPP,20160627,,,,7.24,0
PPP,20160624,7.24,7.24,7.24,7.24,300
PPP,20160623,,,,7.24,0
PPP,20160622,7.32,7.32,7.23,7.24,1500
PPP,20160621,,,,7.58,0
PPP,20160620,7.58,7.58,7.58,7.58,300
PPP,20160617,7.5,7.5,7.41,7.41,3300
PPP,20160616,7.33,7.41,7.33,7.41,4300
PPP,20160615,,,,7.85,0
PPP,20160614,7.84,7.84,7.84,7.85,200
PPP,20160613,7.67,7.67,7.67,7.67,100
PPP,20160610,,,,7.5,0
PPP,20160609,7.5,7.5,7.5,7.5,100
PPP,20160608,6.97,7.67,6.97,7.67,2100
PPP,20160607,7.41,7.41,7.41,7.41,1700
PPP,20160606,,,,8.02,0
PPP,20160603,,,,8.02,0
PPP,20160602,,,,8.02,0
PPP,20160601,8.02,8.02,8.02,8.02,100
PPP,20160531,,,,7.32,0
PPP,20160530,,,,7.32,0
PPP,20160527,,,,7.32,0
PPP,20160526,,,,7.32,0
PPP,20160525,,,,7.32,0
PPP,20160524,,,,7.32,0
PPP,20160523,,,,7.32,0
PPP,20160520,7.32,7.32,7.32,7.32,100
PPP,20160519,,,,7.32,0
PPP,20160518,,,,7.32,0
PPP,20160517,7.32,7.32,7.32,7.32,2200
PPP,20160516,7.67,7.67,7.67,7.67,100
PPP,20160513,,,,7.41,0
PPP,20160512,8.54,8.54,7.41,7.41,1800
PPP,20160511,7.94,7.94,7.94,7.93,100
PPP,20160510,7.33,7.33,7.24,7.24,11000
PPP,20160509,7.85,7.85,7.85,7.85,100
PPP,20160506,7.15,7.24,7.15,7.24,800
PPP,20160505,,,,7.76,0
PPP,20160504,,,,7.76,0
PPP,20160429,,,,7.76,0
PPP,20160428,7.76,7.76,7.76,7.76,2200
PPP,20160427,,,,7.76,0
PPP,20160426,7.76,7.76,7.76,7.76,1100
PPP,20160425,,,,7.76,0
PPP,20160422,,,,7.76,0
PPP,20160421,,,,7.76,0
PPP,20160420,,,,7.76,0
PPP,20160419,7.76,7.76,7.76,7.76,100
PPP,20160415,,,,7.32,0
PPP,20160414,7.32,7.32,7.32,7.32,100
PPP,20160413,7.76,7.76,7.76,7.76,100
PPP,20160412,7.24,7.24,7.24,7.24,200
PPP,20160411,,,,7.85,0
PPP,20160408,,,,7.85,0
PPP,20160407,7.85,7.85,7.85,7.85,120
PPP,20160406,7.49,7.49,7.49,7.5,1000
PPP,20160405,7.85,7.94,7.85,7.93,1700
PPP,20160404,7.85,7.85,7.85,7.85,120
PPP,20160401,8.02,8.02,8.02,8.02,200
PPP,20160331,,,,7.85,0
PPP,20160330,,,,7.85,0
PPP,20160329,,,,7.85,0
PPP,20160328,,,,7.85,0
PPP,20160325,,,,7.85,0
PPP,20160324,,,,7.85,0
PPP,20160323,,,,7.85,0
PPP,20160322,7.07,7.85,7.07,7.85,1100
PPP,20160321,,,,7.85,0
PPP,20160318,,,,7.85,0
PPP,20160317,7.85,7.85,7.85,7.85,600
PPP,20160316,7.85,7.85,7.85,7.85,9400
PPP,20160315,,,,7.85,0
PPP,20160314,,,,7.85,0
PPP,20160311,,,,7.85,0
PPP,20160310,,,,7.85,0
PPP,20160309,8.2,8.2,7.85,7.85,3100
PPP,20160308,7.5,7.5,7.5,7.5,100
PPP,20160307,6.89,6.89,6.89,6.89,100
PPP,20160304,,,,7.41,0
PPP,20160303,7.41,7.41,7.41,7.41,100
PPP,20160302,6.89,6.89,6.89,6.89,100
PPP,20160301,,,,7.41,0
PPP,20160229,,,,7.41,0
PPP,20160226,,,,7.41,0
PPP,20160225,,,,7.41,0
PPP,20160224,7.41,7.41,7.41,7.41,800
PPP,20160223,8.2,8.2,8.2,8.19,200
PPP,20160222,,,,7.85,0
PPP,20160219,7.85,7.85,7.85,7.85,300
PPP,20160218,,,,7.85,0
PPP,20160217,,,,7.85,0
PPP,20160216,7.85,7.85,7.85,7.85,1000
PPP,20160215,,,,7.85,0
PPP,20160205,7.84,7.84,7.84,7.85,1000
PPP,20160204,,,,7.34,0
PPP,20160203,,,,7.34,0
PPP,20160202,,,,7.34,0
PPP,20160201,,,,7.34,0
PPP,20160129,,,,7.34,0
PPP,20160128,,,,7.34,0
PPP,20160127,,,,7.34,0
PPP,20160126,,,,7.34,0
PPP,20160125,,,,7.34,0
PPP,20160122,,,,7.34,0
PPP,20160121,,,,7.34,0
PPP,20160120,,,,7.34,0
PPP,20160119,7.34,7.34,7.34,7.34,200
PPP,20160118,,,,7.34,0
PPP,20160115,,,,7.34,0
PPP,20160114,,,,7.34,0
PPP,20160113,,,,7.34,0
PPP,20160112,,,,7.34,0
PPP,20160111,,,,7.34,0
PPP,20160108,,,,7.34,0
PPP,20160107,7.33,7.33,7.33,7.34,500
PPP,20160106,,,,7.74,0
PPP,20160105,,,,7.74,0
PPP,20160104,,,,7.74,0
PPP,20151231,,,,7.74,0
PPP,20151230,7.74,7.74,7.74,7.74,100
PPP,20151229,,,,7.17,0
PPP,20151228,,,,7.17,0
PPP,20151225,,,,7.17,0
PPP,20151224,,,,7.17,0
PPP,20151223,,,,7.17,0
PPP,20151222,,,,7.17,0
PPP,20151221,,,,7.17,0
PPP,20151218,,,,7.17,0
PPP,20151217,7.17,7.17,7.17,7.17,1000
PPP,20151216,,,,7.17,0
PPP,20151215,7.17,7.17,7.17,7.17,1000
PPP,20151214,,,,7.17,0
PPP,20151211,,,,7.17,0
PPP,20151210,,,,7.17,0
PPP,20151209,,,,7.17,0
PPP,20151208,7.17,7.17,7.17,7.17,300
PPP,20151207,6.52,6.52,6.52,6.52,200
PPP,20151204,,,,7.17,0
PPP,20151203,,,,7.17,0
PPP,20151202,,,,7.17,0
PPP,20151201,,,,7.17,0
PPP,20151130,,,,7.17,0
PPP,20151127,,,,7.17,0
PPP,20151126,7.34,7.34,7.18,7.17,1000
PPP,20151125,,,,7.34,0
PPP,20151124,7.34,7.34,7.34,7.34,2400
PPP,20151123,7.34,7.34,7.34,7.34,900
PPP,20151120,,,,7.34,0
PPP,20151119,,,,7.34,0
PPP,20151118,,,,7.34,0
PPP,20151117,,,,7.34,0
PPP,20151116,,,,7.34,0
PPP,20151113,,,,7.34,0
PPP,20151112,,,,7.34,0
PPP,20151111,,,,7.34,0
PPP,20151110,,,,7.34,0
PPP,20151109,,,,7.34,0
PPP,20151106,7.34,7.34,7.34,7.34,100
PPP,20151105,,,,7.34,0
PPP,20151104,7.34,7.34,7.34,7.34,200
PPP,20151103,,,,7.34,0
PPP,20151102,,,,7.34,0
PPP,20151030,,,,7.34,0
PPP,20151029,,,,7.34,0
PPP,20151028,,,,7.34,0
PPP,20151027,7.34,7.34,7.34,7.34,700
PPP,20151026,,,,8.07,0
PPP,20151023,,,,8.07,0
PPP,20151022,8.07,8.07,8.07,8.07,100
PPP,20151021,7.34,7.34,7.34,7.34,100
PPP,20151020,7.33,7.33,7.33,7.34,50000
PPP,20151019,,,,7.09,0
PPP,20151016,,,,7.09,0
PPP,20151015,,,,7.09,0
PPP,20151014,,,,7.09,0
PPP,20151013,,,,7.09,0
PPP,20151012,,,,7.09,0
PPP,20151009,6.93,7.25,6.93,7.09,1100
PPP,20151008,6.61,6.61,6.61,6.6,100
PPP,20151007,,,,7.34,0
PPP,20151006,,,,7.34,0
PPP,20151005,,,,7.34,0
PPP,20151002,,,,7.34,0
PPP,20151001,,,,7.34,0
PPP,20150930,7.1,7.34,7.1,7.34,800
PPP,20150929,7.33,7.33,7.33,7.34,100
PPP,20150928,,,,7.09,0
PPP,20150925,,,,7.09,0
PPP,20150924,,,,7.09,0
PPP,20150923,,,,7.09,0
PPP,20150922,,,,7.09,0
PPP,20150921,7.09,7.09,7.09,7.09,100
PPP,20150918,6.44,7.66,6.44,7.66,200
PPP,20150917,,,,7.01,0
PPP,20150916,,,,7.01,0
PPP,20150915,,,,7.01,0
PPP,20150914,6.11,7.33,6.11,7.01,1200
PPP,20150911,6.69,6.69,6.69,6.68,200
PPP,20150910,7.42,7.42,7.42,7.42,100
PPP,20150909,,,,8.15,0
PPP,20150908,,,,8.15,0
PPP,20150907,,,,8.15,0
PPP,20150904,,,,8.15,0
PPP,20150903,8.15,8.15,8.15,8.15,500
PPP,20150901,,,,8.15,0
PPP,20150831,8.47,8.47,8.15,8.15,400
PPP,20150828,,,,7.82,0
PPP,20150827,,,,7.82,0
PPP,20150826,,,,7.82,0
PPP,20150825,,,,7.82,0
PPP,20150824,,,,7.82,0
PPP,20150821,7.82,7.82,7.74,7.82,3100
PPP,20150820,7.82,8.15,7.74,8.15,3200
PPP,20150819,,,,8.15,0
PPP,20150818,,,,8.15,0
PPP,20150817,8.15,8.15,8.15,8.15,5800
PPP,20150814,,,,8.15,0
PPP,20150813,8.15,8.15,8.15,8.15,1000
PPP,20150812,,,,8.31,0
PPP,20150811,,,,8.31,0
PPP,20150810,,,,8.31,0
PPP,20150807,,,,8.31,0
PPP,20150806,,,,8.31,0
PPP,20150805,,,,8.31,0
PPP,20150804,8.31,8.31,8.31,8.31,100
PPP,20150803,7.58,7.58,7.58,7.58,100
PPP,20150731,,,,6.93,0
PPP,20150730,,,,6.93,0
PPP,20150729,,,,6.93,0
PPP,20150728,,,,6.93,0
PPP,20150727,,,,6.93,0
PPP,20150724,,,,6.93,0
PPP,20150723,,,,6.93,0
PPP,20150722,,,,6.93,0
PPP,20150721,,,,6.93,0
PPP,20150720,,,,6.93,0
PPP,20150717,,,,6.93,0
PPP,20150716,,,,6.93,0
PPP,20150715,,,,6.93,0
PPP,20150714,,,,6.93,0
PPP,20150713,,,,6.93,0
PPP,20150710,,,,6.93,0
PPP,20150709,,,,6.93,0
PPP,20150708,,,,6.93,0
PPP,20150707,,,,6.93,0
PPP,20150706,,,,6.93,0
PPP,20150703,,,,6.93,0
PPP,20150702,,,,6.93,0
PPP,20150701,,,,6.93,0
PPP,20150630,,,,6.93,0
PPP,20150629,,,,6.93,0
PPP,20150626,,,,6.93,0
PPP,20150625,6.93,6.93,6.93,6.93,200
PPP,20150624,,,,6.93,0
PPP,20150623,6.93,6.93,6.93,6.93,50
PPP,20150622,,,,6.93,0
PPP,20150619,,,,6.93,0
PPP,20150618,,,,6.93,0
PPP,20150617,,,,6.93,0
PPP,20150616,,,,6.93,0
PPP,20150615,,,,6.93,0
PPP,20150612,,,,6.93,0
PPP,20150611,,,,6.93,0
PPP,20150610,,,,6.93,0
PPP,20150609,,,,6.93,0
PPP,20150608,,,,6.93,0
PPP,20150605,,,,6.93,0
PPP,20150604,,,,6.93,0
PPP,20150603,,,,6.93,0
PPP,20150602,,,,6.93,0
PPP,20150601,6.93,6.93,6.93,6.93,200
PPP,20150529,,,,6.36,0
PPP,20150528,,,,6.36,0
PPP,20150527,,,,6.36,0
PPP,20150526,,,,6.36,0
PPP,20150525,,,,6.36,0
PPP,20150522,,,,6.36,0
PPP,20150521,,,,6.36,0
PPP,20150520,,,,6.36,0
PPP,20150519,,,,6.36,0
PPP,20150518,6.36,6.36,6.36,6.36,100
PPP,20150515,,,,7.01,0
PPP,20150514,,,,7.01,0
PPP,20150513,,,,7.01,0
PPP,20150512,,,,7.01,0
PPP,20150511,7.01,7.01,7.01,7.01,100
PPP,20150508,,,,7.74,0
PPP,20150507,,,,7.74,0
PPP,20150506,,,,7.74,0
PPP,20150505,,,,7.74,0
PPP,20150504,,,,7.74,0
PPP,20150427,,,,7.74,0
PPP,20150424,,,,7.74,0
PPP,20150423,,,,7.74,0
PPP,20150422,,,,7.74,0
PPP,20150421,,,,7.74,0
PPP,20150420,,,,7.74,0
PPP,20150417,,,,7.74,0
PPP,20150416,,,,7.74,0
PPP,20150415,,,,7.74,0
PPP,20150414,,,,7.74,0
PPP,20150413,,,,7.74,0
PPP,20150410,,,,7.74,0
PPP,20150409,,,,7.74,0
PPP,20150408,,,,7.74,0
PPP,20150407,7.9,7.9,7.74,7.74,500
PPP,20150406,,,,7.74,0
PPP,20150403,,,,7.74,0
PPP,20150402,,,,7.74,0
PPP,20150401,,,,7.74,0
PPP,20150331,,,,7.74,0
PPP,20150330,,,,7.74,0
PPP,20150327,,,,7.74,0
PPP,20150326,,,,7.74,0
PPP,20150325,7.74,7.74,7.74,7.74,30
PPP,20150324,7.74,7.74,7.74,7.74,300
PPP,20150323,,,,8.15,0
PPP,20150320,8.15,8.15,8.15,8.15,40
PPP,20150319,,,,8.15,0
PPP,20150318,,,,8.15,0
PPP,20150317,,,,8.15,0
PPP,20150316,,,,8.15,0
PPP,20150313,8.15,8.15,8.15,8.15,300
PPP,20150312,,,,8.15,0
PPP,20150311,,,,8.15,0
PPP,20150310,8.15,8.15,8.15,8.15,200
PPP,20150309,8.15,8.15,8.15,8.15,100
PPP,20150306,,,,7.74,0
PPP,20150305,,,,7.74,0
PPP,20150304,8.07,8.07,7.74,7.74,5800
PPP,20150303,8.07,8.07,8.07,8.07,100
PPP,20150302,,,,8.15,0
PPP,20150227,,,,8.15,0
PPP,20150226,8.23,8.23,8.15,8.15,300
PPP,20150225,,,,8.15,0
PPP,20150224,8.15,8.15,8.15,8.15,100
PPP,20150213,,,,8.07,0
PPP,20150212,,,,8.07,0
PPP,20150211,,,,8.07,0
PPP,20150210,,,,8.07,0
PPP,20150209,,,,8.07,0
PPP,20150206,,,,8.07,0
PPP,20150205,,,,8.07,0
PPP,20150204,,,,8.07,0
PPP,20150203,,,,8.07,0
PPP,20150202,,,,8.07,0
PPP,20150130,,,,8.07,0
PPP,20150129,,,,8.07,0
PPP,20150128,,,,8.07,0
PPP,20150127,,,,8.07,0
PPP,20150126,,,,8.07,0
PPP,20150123,,,,8.07,0
PPP,20150122,,,,8.07,0
PPP,20150121,,,,8.07,0
PPP,20150120,,,,8.07,0
PPP,20150119,,,,8.07,0
PPP,20150116,,,,8.07,0
PPP,20150115,,,,8.07,0
PPP,20150114,,,,8.07,0
PPP,20150113,,,,8.07,0
PPP,20150112,,,,8.07,0
PPP,20150109,,,,8.07,0
PPP,20150108,,,,8.07,0
PPP,20150107,,,,8.07,0
PPP,20150106,,,,8.07,0
PPP,20150105,,,,8.07,0
PPP,20141231,,,,8.07,0
PPP,20141230,,,,8.07,0
PPP,20141229,,,,8.07,0
PPP,20141226,,,,8.07,0
PPP,20141225,,,,8.07,0
PPP,20141224,,,,8.07,0
PPP,20141223,,,,8.07,0
PPP,20141222,,,,8.07,0
PPP,20141219,,,,8.07,0
PPP,20141218,,,,8.07,0
PPP,20141217,,,,8.07,0
PPP,20141216,,,,8.07,0
PPP,20141215,,,,8.07,0
PPP,20141212,,,,8.07,0
PPP,20141211,,,,8.07,0
PPP,20141210,,,,8.07,0
PPP,20141209,,,,8.07,0
PPP,20141208,,,,8.07,0
PPP,20141205,,,,8.07,0
PPP,20141204,,,,8.07,0
PPP,20141203,,,,8.07,0
PPP,20141202,8.07,8.07,8.07,8.07,500
PPP,20141201,,,,8.97,0
PPP,20141128,,,,8.97,0
PPP,20141127,,,,8.97,0
PPP,20141126,,,,8.97,0
PPP,20141125,,,,8.97,0
PPP,20141124,,,,8.97,0
PPP,20141121,,,,8.97,0
PPP,20141120,,,,8.97,0
PPP,20141119,,,,8.97,0
PPP,20141118,,,,8.97,0
PPP,20141117,,,,8.97,0
PPP,20141114,,,,8.97,0
PPP,20141113,8.96,8.96,8.96,8.97,500
PPP,20141112,,,,9.29,0
PPP,20141111,8.96,9.29,8.96,9.29,1000
PPP,20141110,,,,9.94,0
PPP,20141107,9.78,9.95,9.78,9.94,800
PPP,20141106,9.04,9.04,9.04,9.05,100
PPP,20141105,,,,8.23,0
PPP,20141104,,,,8.23,0
PPP,20141103,,,,8.23,0
PPP,20141031,,,,8.23,0
PPP,20141030,,,,8.23,0
PPP,20141029,,,,8.23,0
PPP,20141028,,,,8.23,0
PPP,20141027,,,,8.23,0
PPP,20141024,8.23,8.23,8.23,8.23,100
PPP,20141023,,,,7.5,0
PPP,20141022,,,,7.5,0
PPP,20141021,,,,7.5,0
PPP,20141020,,,,7.5,0
PPP,20141017,7.5,7.5,7.5,7.5,1000
PPP,20141016,,,,7.01,0
PPP,20141015,,,,7.01,0
PPP,20141014,,,,7.01,0
PPP,20141013,,,,7.01,0
PPP,20141010,7.01,7.01,7.01,7.01,2700
PPP,20141009,,,,7.74,0
PPP,20141008,7.74,7.74,7.74,7.74,1000
PPP,20141007,,,,8.56,0
PPP,20141006,,,,8.56,0
PPP,20141003,,,,8.56,0
PPP,20141002,,,,8.56,0
PPP,20141001,,,,8.56,0
PPP,20140930,,,,8.56,0
PPP,20140929,,,,8.56,0
PPP,20140926,,,,8.56,0
PPP,20140925,,,,8.56,0
PPP,20140924,,,,8.56,0
PPP,20140923,,,,8.56,0
PPP,20140922,,,,8.56,0
PPP,20140919,8.56,8.56,8.56,8.56,200
PPP,20140918,,,,8.15,0
PPP,20140917,,,,8.15,0
PPP,20140916,,,,8.15,0
PPP,20140915,8.15,8.15,8.15,8.15,200
PPP,20140912,,,,7.74,0
PPP,20140911,,,,7.74,0
PPP,20140910,,,,7.74,0
PPP,20140909,7.75,7.75,7.75,7.74,100
PPP,20140908,,,,7.34,0
PPP,20140905,,,,7.34,0
PPP,20140904,,,,7.34,0
PPP,20140903,,,,7.34,0
PPP,20140829,,,,7.34,0
PPP,20140828,,,,7.34,0
PPP,20140827,,,,7.34,0
PPP,20140826,,,,7.34,0
PPP,20140825,,,,7.34,0
PPP,20140822,,,,7.34,0
PPP,20140821,,,,7.34,0
PPP,20140820,,,,7.34,0
PPP,20140819,,,,7.34,0
PPP,20140818,,,,7.34,0
PPP,20140815,,,,7.34,0
PPP,20140814,,,,7.34,0
PPP,20140813,,,,7.34,0
PPP,20140812,7.34,7.34,7.34,7.34,800
PPP,20140811,,,,6.93,0
PPP,20140808,,,,6.93,0
PPP,20140807,,,,6.93,0
PPP,20140806,,,,6.93,0
PPP,20140805,,,,6.93,0
PPP,20140804,,,,6.93,0
PPP,20140801,,,,6.93,0
PPP,20140731,,,,6.93,0
PPP,20140730,,,,6.93,0
PPP,20140729,,,,6.93,0
PPP,20140728,6.93,6.93,6.93,6.93,100
PPP,20140725,7.34,7.34,7.34,7.34,300
PPP,20140724,,,,7.34,0
PPP,20140723,,,,7.34,0
PPP,20140722,,,,7.34,0
PPP,20140721,,,,7.34,0
PPP,20140718,,,,7.34,0
PPP,20140717,,,,7.34,0
PPP,20140716,,,,7.34,0
PPP,20140715,,,,7.34,0
PPP,20140714,,,,7.34,0
PPP,20140711,,,,7.34,0
PPP,20140710,,,,7.34,0
PPP,20140709,,,,7.34,0
PPP,20140708,7.34,7.34,7.34,7.34,800
PPP,20140707,,,,7.34,0
PPP,20140704,,,,7.34,0
PPP,20140703,7.34,7.34,7.34,7.34,400
PPP,20140702,,,,7.58,0
PPP,20140701,,,,7.58,0
PPP,20140630,,,,7.58,0
PPP,20140627,,,,7.58,0
PPP,20140626,,,,7.58,0
PPP,20140625,,,,7.58,0
PPP,20140624,,,,7.58,0
PPP,20140623,,,,7.58,0
PPP,20140620,,,,7.58,0
PPP,20140619,,,,7.58,0
PPP,20140618,7.01,7.58,7.01,7.58,1100
PPP,20140617,,,,6.93,0
PPP,20140616,6.93,6.93,6.93,6.93,400
PPP,20140613,,,,6.44,0
PPP,20140612,,,,6.44,0
PPP,20140611,,,,6.44,0
PPP,20140610,6.44,6.44,6.44,6.44,100
PPP,20140609,,,,6.52,0
PPP,20140606,6.52,6.52,6.52,6.52,100
PPP,20140605,6.03,6.03,6.03,6.03,100
PPP,20140604,5.54,5.54,5.54,5.54,100
PPP,20140603,,,,5.05,0
PPP,20140602,,,,5.05,0
PPP,20140530,,,,5.05,0
PPP,20140529,5.05,5.05,5.05,5.05,1000
PPP,20140528,,,,5.54,0
PPP,20140527,,,,5.54,0
PPP,20140526,,,,5.54,0
PPP,20140523,,,,5.54,0
PPP,20140522,5.54,5.54,5.54,5.54,100
PPP,20140521,,,,6.11,0
PPP,20140520,,,,6.11,0
PPP,20140519,,,,6.11,0
PPP,20140516,,,,6.11,0
PPP,20140515,,,,6.11,0
PPP,20140514,6.11,6.11,6.11,6.11,15600
PPP,20140513,,,,6.44,0
PPP,20140512,6.44,6.44,6.44,6.44,500
PPP,20140509,,,,7.09,0
PPP,20140508,,,,7.09,0
PPP,20140507,,,,7.09,0
PPP,20140506,,,,7.09,0
PPP,20140505,,,,7.09,0
PPP,20140429,,,,7.09,0
PPP,20140428,,,,7.09,0
PPP,20140425,,,,7.09,0
PPP,20140424,,,,7.09,0
PPP,20140423,,,,7.09,0
PPP,20140422,,,,7.09,0
PPP,20140421,,,,7.09,0
PPP,20140418,,,,7.09,0
PPP,20140417,,,,7.09,0
PPP,20140416,,,,7.09,0
PPP,20140415,,,,7.09,0
PPP,20140414,,,,7.09,0
PPP,20140411,,,,7.09,0
PPP,20140410,,,,7.09,0
PPP,20140408,,,,7.09,0
PPP,20140407,,,,7.09,0
PPP,20140404,,,,7.09,0
PPP,20140403,,,,7.09,0
PPP,20140402,7.09,7.09,7.09,7.09,300
PPP,20140401,,,,7.74,0
PPP,20140331,7.74,7.74,7.74,7.74,25
PPP,20140328,8.15,8.15,7.74,7.74,1100
PPP,20140327,8.39,8.56,8.39,8.56,4800
PPP,20140326,9.29,9.29,9.29,9.29,25
PPP,20140325,9.37,9.37,9.29,9.29,1000
PPP,20140324,,,,10.27,0
PPP,20140321,8.96,10.27,8.96,10.27,7900
PPP,20140320,9.78,9.78,9.78,9.78,510
PPP,20140319,9.7,9.7,9.7,9.7,90
PPP,20140318,,,,9.7,0
PPP,20140317,8.97,9.7,8.97,9.7,2000
PPP,20140314,9.37,9.37,9.21,9.21,2000
PPP,20140313,,,,9.78,0
PPP,20140312,9.78,9.78,9.78,9.78,1000
PPP,20140311,,,,9.78,0
PPP,20140310,,,,9.78,0
PPP,20140307,,,,9.78,0
PPP,20140306,,,,9.78,0
PPP,20140305,,,,9.78,0
PPP,20140304,,,,9.78,0
PPP,20140303,,,,9.78,0
PPP,20140228,9.78,9.78,9.78,9.78,1000
PPP,20140227,,,,10.19,0
PPP,20140226,,,,10.19,0
PPP,20140225,,,,10.19,0
PPP,20140224,,,,10.19,0
PPP,20140221,10.19,10.19,10.19,10.19,500
PPP,20140220,,,,10.19,0
PPP,20140219,10.19,10.19,10.19,10.19,2000
PPP,20140218,10.19,10.19,10.19,10.19,1000
PPP,20140217,,,,10.19,0
PPP,20140214,,,,10.19,0
PPP,20140213,,,,10.19,0
PPP,20140212,,,,10.19,0
PPP,20140211,,,,10.19,0
PPP,20140210,,,,10.19,0
PPP,20140207,10.18,10.18,10.18,10.19,1000
PPP,20140206,,,,9.37,0
PPP,20140127,,,,9.37,0
PPP,20140124,,,,9.37,0
PPP,20140123,,,,9.37,0
PPP,20140122,9.37,9.37,9.37,9.37,900
PPP,20140121,9.37,9.37,9.37,9.37,1700
PPP,20140120,,,,9.21,0
PPP,20140117,9.21,9.21,9.21,9.21,1000
PPP,20140116,,,,9.21,0
PPP,20140115,,,,9.21,0
PPP,20140114,9.13,9.21,9.13,9.21,1000
PPP,20140113,10.11,10.11,10.11,10.11,2100
PPP,20140110,,,,10.03,0
PPP,20140109,10.03,10.03,10.03,10.03,2000
PPP,20140108,,,,10.11,0
PPP,20140107,10.11,10.11,10.11,10.11,900
PPP,20140106,,,,10.19,0
PPP,20140103,,,,10.19,0
PPP,20140102,,,,10.19,0
PPP,20131231,,,,10.19,0
PPP,20131230,,,,10.19,0
PPP,20131227,9.78,10.19,9.78,10.19,2100
PPP,20131226,10.27,10.27,10.27,10.27,1000
PPP,20131225,,,,10.35,0
PPP,20131224,,,,10.35,0
PPP,20131223,,,,10.35,0
PPP,20131220,,,,10.35,0
PPP,20131219,,,,10.35,0
PPP,20131218,,,,10.35,0
PPP,20131217,,,,10.35,0
PPP,20131216,,,,10.35,0
PPP,20131213,,,,10.35,0
PPP,20131212,10.18,10.35,10.18,10.35,4000
PPP,20131211,,,,10.51,0
PPP,20131210,,,,10.51,0
PPP,20131209,,,,10.51,0
PPP,20131206,,,,10.51,0
PPP,20131205,10.11,10.52,10.11,10.51,25500
PPP,20131204,10.19,10.35,10.19,10.19,13900
PPP,20131203,,,,10.35,0
PPP,20131202,10.27,10.35,10.27,10.35,1400
PPP,20131129,,,,10.35,0
PPP,20131128,,,,10.35,0
PPP,20131127,,,,10.35,0
PPP,20131126,10.19,10.35,10.19,10.35,12000
PPP,20131125,10.19,10.35,10.19,10.35,11300
PPP,20131122,10.19,10.19,10.19,10.19,10100
PPP,20131121,10.02,10.1,10.02,10.11,3600
PPP,20131120,10.27,10.27,9.94,9.94,10200
PPP,20131119,9.78,9.78,9.78,9.78,11900
PPP,20131118,9.86,9.86,9.78,9.86,3500
PPP,20131115,10.19,10.19,9.78,9.78,5400
PPP,20131114,10.19,10.19,10.19,10.19,6200
PPP,20131113,9.78,10.6,9.78,10.6,18900
PPP,20131112,9.37,9.78,9.37,9.78,13900
PPP,20131111,9.37,9.37,9.37,9.37,100
PPP,20131108,9.37,9.37,9.37,9.37,5000
PPP,20131107,9.05,9.38,9.05,9.37,3000
PPP,20131106,8.97,9.05,8.97,9.05,10500
PPP,20131105,9.38,9.38,9.05,9.05,7500
PPP,20131104,8.96,8.96,8.96,8.97,17900
PPP,20131101,8.15,8.72,8.15,8.15,33600
PPP,20131031,8.56,8.56,7.99,7.99,5100
PPP,20131030,7.5,8.23,7.5,8.23,8600
PPP,20131029,,,,7.5,0
PPP,20131028,7.5,7.5,7.5,7.5,1000
PPP,20131025,7.34,7.5,7.34,7.42,7600
PPP,20131024,7.33,7.33,7.25,7.34,6500
PPP,20131023,,,,7.17,0
PPP,20131022,,,,7.17,0
PPP,20131021,7.17,7.17,7.17,7.17,2700
PPP,20131018,7.25,7.25,7.25,7.25,500
PPP,20131017,7.34,7.34,7.26,7.25,3000
PPP,20131016,,,,7.34,0
PPP,20131015,,,,7.34,0
PPP,20131014,,,,7.34,0
PPP,20131011,7.33,7.33,7.33,7.34,1500
PPP,20131010,7.34,7.75,7.34,7.74,1500
PPP,20131009,7.34,7.34,7.34,7.34,2000
PPP,20131008,7.34,7.34,7.34,7.34,4000
PPP,20131007,,,,7.34,0
PPP,20131004,7.09,7.66,7.09,7.34,4400
PPP,20131003,8.8,8.8,7.66,7.74,3100
PPP,20131002,,,,8.15,0
PPP,20131001,8.15,8.15,8.15,8.15,50
PPP,20130930,8.97,8.97,8.15,8.15,700
PPP,20130927,,,,8.97,0
PPP,20130926,,,,8.97,0
PPP,20130925,8.96,8.96,8.96,8.97,100
PPP,20130924,,,,8.23,0
PPP,20130923,8.23,8.23,8.23,8.23,100
PPP,20130920,,,,7.58,0
PPP,20130919,,,,7.58,0
PPP,20130918,,,,7.58,0
PPP,20130917,,,,7.58,0
PPP,20130916,,,,7.58,0
PPP,20130913,,,,7.58,0
PPP,20130912,,,,7.58,0
PPP,20130911,,,,7.58,0
PPP,20130910,,,,7.58,0
PPP,20130909,,,,7.58,0
PPP,20130906,,,,7.58,0
PPP,20130905,7.58,7.58,7.58,7.58,2000
PPP,20130904,,,,7.25,0
PPP,20130903,7.25,7.25,7.25,7.25,200
PPP,20130830,,,,7.25,0
PPP,20130829,7.25,7.25,7.25,7.25,500
PPP,20130828,7.25,7.25,7.25,7.25,1000
PPP,20130827,7.17,7.25,7.17,7.25,200
PPP,20130826,7.25,7.25,7.17,7.17,1400
PPP,20130823,6.52,7.26,6.52,7.25,13400
PPP,20130822,6.93,6.93,6.93,6.93,100
PPP,20130821,,,,6.36,0
PPP,20130820,6.36,6.36,6.36,6.36,100
PPP,20130819,6.85,6.85,6.85,6.85,100
PPP,20130816,6.19,6.27,6.19,6.28,200
PPP,20130815,,,,6.76,0
PPP,20130814,6.77,6.77,6.77,6.76,100
PPP,20130813,8.39,8.39,7.33,7.34,300
PPP,20130812,7.25,7.66,7.25,7.66,200
PPP,20130809,,,,7.66,0
PPP,20130808,6.52,7.66,6.52,7.66,2000
PPP,20130807,7.01,7.01,7.01,7.01,100
PPP,20130806,7.74,7.74,7.74,7.74,11000
PPP,20130805,,,,7.5,0
PPP,20130802,,,,7.5,0
PPP,20130801,,,,7.5,0
PPP,20130731,7.49,7.49,7.49,7.5,10000
PPP,20130730,,,,7.25,0
PPP,20130729,7.26,7.26,7.26,7.25,1000
PPP,20130726,,,,6.93,0
PPP,20130725,,,,6.93,0
PPP,20130724,6.92,6.92,6.92,6.93,100
PPP,20130723,,,,7.25,0
PPP,20130722,7.26,7.26,7.26,7.25,1300
PPP,20130719,,,,7.99,0
PPP,20130718,7.91,7.99,7.91,7.99,500
PPP,20130717,,,,8.72,0
PPP,20130716,,,,8.72,0
PPP,20130715,,,,8.72,0
PPP,20130712,,,,8.72,0
PPP,20130711,,,,8.72,0
PPP,20130710,,,,8.72,0
PPP,20130709,8.72,8.72,8.72,8.72,500
PPP,20130708,,,,7.99,0
PPP,20130705,,,,7.99,0
PPP,20130704,,,,7.99,0
PPP,20130703,,,,7.99,0
PPP,20130702,,,,7.99,0
PPP,20130701,7.99,7.99,7.99,7.99,300
PPP,20130628,,,,8.56,0
PPP,20130627,,,,8.56,0
PPP,20130626,,,,8.56,0
PPP,20130625,8.97,8.97,8.56,8.56,2100
PPP,20130624,9.05,9.05,8.97,8.97,4300
PPP,20130621,8.56,9.05,8.56,9.05,1600
PPP,20130620,8.56,8.56,8.56,8.56,1000
PPP,20130619,8.15,8.15,8.15,8.15,700
PPP,20130618,8.56,8.56,8.15,8.15,3200
PPP,20130617,8.07,8.15,8.07,8.15,800
PPP,20130614,7.41,7.41,7.41,7.42,500
PPP,20130613,,,,6.76,0
PPP,20130612,,,,6.76,0
PPP,20130611,6.85,6.85,6.77,6.76,800
PPP,20130610,7.49,7.49,7.49,7.5,200
PPP,20130607,7.82,7.82,7.82,7.82,400
PPP,20130606,8.15,8.15,7.74,7.74,1400
PPP,20130605,8.56,8.56,8.15,8.56,6200
PPP,20130604,,,,8.56,0
PPP,20130603,,,,8.56,0
PPP,20130531,,,,8.56,0
PPP,20130530,,,,8.56,0
PPP,20130529,,,,8.56,0
PPP,20130528,,,,8.56,0
PPP,20130527,,,,8.56,0
PPP,20130524,8.55,8.55,8.55,8.56,6200
PPP,20130523,7.82,7.82,7.82,7.82,100
PPP,20130522,,,,7.17,0
PPP,20130521,,,,7.17,0
PPP,20130520,7.17,7.17,7.17,7.17,200
PPP,20130517,7.75,7.75,7.75,7.74,100
PPP,20130516,,,,8.4,0
PPP,20130515,,,,8.4,0
PPP,20130514,,,,8.4,0
PPP,20130513,,,,8.4,0
PPP,20130510,8.4,8.4,8.4,8.4,1600
PPP,20130509,,,,8.4,0
PPP,20130508,8.56,8.56,8.4,8.4,11800
PPP,20130507,8.55,8.55,8.55,8.56,3900
PPP,20130506,9.45,9.45,9.45,9.45,100
PPP,20130503,,,,10.43,0
PPP,20130502,,,,10.43,0
PPP,20130426,,,,10.43,0
PPP,20130425,,,,10.43,0
PPP,20130424,10.43,10.43,10.43,10.43,100
PPP,20130423,8.31,9.7,8.31,9.7,3100
PPP,20130422,,,,9.21,0
PPP,20130418,8.15,9.21,8.15,9.21,3900
PPP,20130417,,,,8.48,0
PPP,20130416,8.48,8.48,8.48,8.48,200
PPP,20130415,8.55,8.55,8.55,8.56,500
PPP,20130412,8.89,8.89,8.89,8.88,100
PPP,20130411,,,,8.56,0
PPP,20130410,8.56,8.56,8.56,8.56,400
PPP,20130409,8.15,8.72,8.07,8.72,3100
PPP,20130408,,,,7.99,0
PPP,20130405,8.15,8.89,7.99,7.99,3000
PPP,20130404,8.56,8.56,8.56,8.56,100
PPP,20130403,8.15,9.29,8.15,9.29,1200
PPP,20130402,8.15,9.05,8.15,9.05,1100
PPP,20130401,8.15,8.56,7.34,8.56,600
PPP,20130329,8.07,8.15,7.74,8.15,400
PPP,20130328,8.56,8.56,8.56,8.56,100
PPP,20130327,,,,8.07,0
PPP,20130326,8.07,8.07,8.07,8.07,100
PPP,20130325,8.97,8.97,8.97,8.97,100
PPP,20130322,,,,8.64,0
PPP,20130321,,,,8.64,0
PPP,20130320,,,,8.64,0
PPP,20130319,8.64,8.64,8.64,8.64,300
PPP,20130318,,,,8.8,0
PPP,20130315,8.8,8.8,7.99,8.8,400
PPP,20130314,,,,8.8,0
PPP,20130313,8.8,8.8,8.8,8.8,1300
PPP,20130312,8.07,8.07,8.07,8.07,500
PPP,20130311,7.33,7.33,7.33,7.34,100
PPP,20130308,,,,6.68,0
PPP,20130307,,,,6.68,0
PPP,20130306,,,,6.68,0
PPP,20130305,6.68,6.68,6.68,6.68,1000
PPP,20130304,6.68,6.68,6.68,6.68,200
PPP,20130301,,,,6.68,0
PPP,20130228,6.76,7.33,6.68,6.68,4500
PPP,20130227,7.26,7.26,7.26,7.25,1300
PPP,20130226,7.66,7.99,7.66,7.99,3300
PPP,20130225,,,,7.66,0
PPP,20130222,7.66,7.66,7.66,7.66,600
PPP,20130221,,,,7.66,0
PPP,20130220,7.66,7.66,6.93,7.66,1700
PPP,20130219,7.58,7.58,7.58,7.58,500
PPP,20130218,7.5,7.5,7.5,7.5,4600
PPP,20130208,7.35,7.35,7.35,7.35,1900
PPP,20130207,,,,7.28,0
PPP,20130206,7.42,7.42,7.27,7.28,300
PPP,20130205,6.76,6.76,6.76,6.76,600
PPP,20130204,6.84,6.84,6.32,6.32,1300
PPP,20130201,6.62,6.62,6.25,6.25,2000
PPP,20130131,,,,6.18,0
PPP,20130130,5.95,6.17,5.88,6.18,1500
PPP,20130129,6.03,6.03,5.95,5.95,1300
PPP,20130128,6.1,6.1,5.88,5.88,2000
PPP,20130125,6.02,6.02,5.88,5.88,1500
PPP,20130124,5.51,5.51,5.51,5.51,1200
PPP,20130123,,,,5.07,0
PPP,20130122,5.88,5.88,5.08,5.07,300
PPP,20130121,,,,5.59,0
PPP,20130118,,,,5.59,0
PPP,20130117,5.59,5.59,5.59,5.59,100
PPP,20130116,,,,5.66,0
PPP,20130115,6.24,6.24,5.66,5.66,300
PPP,20130114,5.73,5.73,5.73,5.73,500
PPP,20130111,,,,5.51,0
PPP,20130110,,,,5.51,0
PPP,20130109,5.51,5.51,5.51,5.51,200
PPP,20130108,5.88,5.88,5.66,5.66,300
PPP,20130107,,,,5.51,0
PPP,20130104,5.51,5.51,5.51,5.51,100
PPP,20130103,,,,5.22,0
PPP,20130102,,,,5.22,0
PPP,20121228,5.22,5.22,5.22,5.22,100
PPP,20121227,5.51,5.51,5.51,5.51,100
PPP,20121226,5.73,5.73,5.73,5.73,2700
PPP,20121225,5.81,5.81,5.29,5.29,400
PPP,20121224,5.44,5.44,5.44,5.44,100
PPP,20121221,,,,5.81,0
PPP,20121220,,,,5.81,0
PPP,20121219,,,,5.81,0
PPP,20121218,,,,5.81,0
PPP,20121217,,,,5.81,0
PPP,20121214,5.81,5.81,5.81,5.81,100
PPP,20121213,,,,5.44,0
PPP,20121212,6.03,6.1,5.44,5.44,10900
PPP,20121211,5.81,5.81,5.81,5.81,400
PPP,20121210,5.08,5.44,5,5.44,1500
PPP,20121207,,,,5.15,0
PPP,20121206,5.88,5.88,5.14,5.15,11600
PPP,20121205,5.51,5.51,5.51,5.51,500
PPP,20121204,5.88,5.88,5.88,5.88,200
PPP,20121203,5.51,5.51,5.51,5.51,4500
PPP,20121130,5.22,5.96,5.22,5.22,23200
PPP,20121129,5.59,5.59,5.59,5.59,2700
PPP,20121128,5.88,6.18,5.88,5.88,1000
PPP,20121127,5.59,6.25,5.51,6.25,1200
PPP,20121126,5.29,5.88,5.22,5.88,2800
PPP,20121123,5.51,5.51,5.51,5.51,100
PPP,20121122,5.73,5.73,5.73,5.73,100
PPP,20121121,6.1,6.1,6.1,6.1,100
PPP,20121120,6.54,6.54,6.54,6.54,100
PPP,20121119,6.91,6.91,6.91,6.91,100
PPP,20121116,,,,7.28,0
PPP,20121115,,,,7.28,0
PPP,20121114,,,,7.28,0
PPP,20121113,,,,7.28,0
PPP,20121112,,,,7.28,0
PPP,20121109,7.28,7.28,7.28,7.28,300
PPP,20121108,7.13,7.13,7.13,7.13,1100
PPP,20121107,7.35,7.35,7.35,7.35,100
PPP,20121106,,,,7.06,0
PPP,20121105,7.05,7.05,7.05,7.06,100
PPP,20121102,6.98,6.98,6.98,6.98,100
PPP,20121101,,,,6.54,0
PPP,20121031,,,,6.54,0
PPP,20121030,6.55,6.55,6.55,6.54,100
PPP,20121029,6.18,6.18,6.18,6.18,100
PPP,20121026,6.18,6.18,5.81,5.81,1100
PPP,20121025,,,,5.81,0
PPP,20121024,5.88,5.88,5.81,5.81,400
PPP,20121023,,,,5.88,0
PPP,20121022,5.88,5.88,5.88,5.88,200
PPP,20121019,5.89,5.89,5.81,5.81,600
PPP,20121018,6.18,6.33,6.18,6.18,3600
PPP,20121017,,,,6.62,0
PPP,20121016,6.25,6.62,6.25,6.62,2100
PPP,20121015,6.62,6.62,6.25,6.25,2500
PPP,20121012,6.25,6.25,6.25,6.25,100
PPP,20121011,5.88,5.88,5.88,5.88,200
PPP,20121010,,,,5.88,0
PPP,20121009,,,,5.88,0
PPP,20121008,5.88,5.88,5.88,5.88,100
PPP,20121005,,,,6.03,0
PPP,20121004,6.03,6.03,6.03,6.03,1000
PPP,20121003,6.03,6.03,5.88,5.88,3100
PPP,20121002,6.25,6.25,6.25,6.25,2000
PPP,20121001,6.03,6.33,6.03,6.32,3300
PPP,20120928,6.1,6.17,6.1,6.18,2800
PPP,20120927,5.88,5.88,5.88,5.88,1600
PPP,20120926,,,,5.81,0
PPP,20120925,,,,5.81,0
PPP,20120924,5.8,5.8,5.8,5.81,1500
PPP,20120921,,,,5.95,0
PPP,20120920,5.95,5.95,5.95,5.95,500
PPP,20120919,,,,5.88,0
PPP,20120918,5.95,5.95,5.88,5.88,1000
PPP,20120917,,,,5.95,0
PPP,20120914,,,,5.95,0
PPP,20120913,,,,5.95,0
PPP,20120912,5.96,5.96,5.96,5.95,1000
PPP,20120911,,,,6.18,0
PPP,20120910,,,,6.18,0
PPP,20120907,,,,6.18,0
PPP,20120906,,,,6.18,0
PPP,20120905,,,,6.18,0
PPP,20120904,,,,6.18,0
PPP,20120831,,,,6.18,0
PPP,20120830,,,,6.18,0
PPP,20120829,6.18,6.18,6.18,6.18,100
PPP,20120828,,,,5.81,0
PPP,20120827,,,,5.81,0
PPP,20120824,5.88,5.88,5.81,5.81,700
PPP,20120823,,,,5.81,0
PPP,20120822,5.81,5.81,5.81,5.81,1000
PPP,20120821,5.88,5.88,5.88,5.88,1000
PPP,20120820,5.81,5.81,5.81,5.81,1400
PPP,20120817,5.81,5.81,5.81,5.81,800
PPP,20120816,,,,5.88,0
PPP,20120815,,,,5.88,0
PPP,20120814,6.25,6.25,5.88,5.88,1100
PPP,20120813,6.25,6.25,6.25,6.25,1600
PPP,20120810,,,,5.88,0
PPP,20120809,,,,5.88,0
PPP,20120808,,,,5.88,0
PPP,20120807,,,,5.88,0
PPP,20120806,,,,5.88,0
PPP,20120803,,,,5.88,0
PPP,20120802,5.96,5.96,5.88,5.88,2600
PPP,20120801,,,,6.03,0
PPP,20120731,5.81,6.03,5.81,6.03,600
PPP,20120730,5.88,5.88,5.88,5.88,2000
PPP,20120727,,,,5.88,0
PPP,20120726,5.88,5.88,5.88,5.88,600
PPP,20120725,,,,5.81,0
PPP,20120724,5.81,5.81,5.81,5.81,100
PPP,20120723,5.81,5.81,5.81,5.81,700
PPP,20120720,,,,5.74,0
PPP,20120719,5.74,5.74,5.74,5.74,800
PPP,20120718,,,,5.74,0
PPP,20120717,,,,5.74,0
PPP,20120716,5.74,5.74,5.74,5.74,100
PPP,20120713,,,,5.88,0
PPP,20120712,,,,5.88,0
PPP,20120711,,,,5.88,0
PPP,20120710,,,,5.88,0
PPP,20120709,,,,5.88,0
PPP,20120706,,,,5.88,0
PPP,20120705,,,,5.88,0
PPP,20120704,,,,5.88,0
PPP,20120703,,,,5.88,0
PPP,20120702,,,,5.88,0
PPP,20120629,5.88,5.88,5.88,5.88,500
PPP,20120628,6.1,6.1,6.1,6.09,500
PPP,20120627,6.24,6.24,6.24,6.24,500
PPP,20120626,,,,6.45,0
PPP,20120625,6.46,6.46,6.46,6.45,100
PPP,20120622,,,,6.24,0
PPP,20120621,,,,6.24,0
PPP,20120620,,,,6.24,0
PPP,20120619,,,,6.24,0
PPP,20120618,6.38,6.38,6.24,6.24,700
PPP,20120615,,,,6.67,0
PPP,20120614,6.67,6.67,6.67,6.67,100
PPP,20120613,,,,6.24,0
PPP,20120612,,,,6.24,0
PPP,20120611,,,,6.24,0
PPP,20120608,,,,6.24,0
PPP,20120607,,,,6.24,0
PPP,20120606,6.23,6.23,6.23,6.24,100
PPP,20120605,6.1,6.1,6.1,6.09,100
PPP,20120604,,,,5.74,0
PPP,20120601,,,,5.74,0
PPP,20120531,,,,5.74,0
PPP,20120530,5.73,5.73,5.73,5.74,100
PPP,20120529,,,,5.66,0
PPP,20120528,,,,5.66,0
PPP,20120525,,,,5.66,0
PPP,20120524,,,,5.66,0
PPP,20120523,5.52,5.66,5.52,5.66,5000
PPP,20120522,,,,5.39,0
PPP,20120521,,,,5.39,0
PPP,20120518,,,,5.39,0
PPP,20120517,,,,5.39,0
PPP,20120516,5.4,5.4,5.4,5.39,1000
PPP,20120515,,,,5.8,0
PPP,20120514,6.27,6.27,5.8,5.8,400
PPP,20120511,,,,6.2,0
PPP,20120510,5.67,6.2,5.67,6.2,600
PPP,20120509,6.2,6.2,6.06,6.07,700
PPP,20120508,6,6,5.66,5.93,1500
PPP,20120507,,,,5.66,0
PPP,20120504,5.66,5.66,5.66,5.66,3100
PPP,20120503,,,,5.66,0
PPP,20120502,,,,5.66,0
PPP,20120427,,,,5.66,0
PPP,20120426,,,,5.66,0
PPP,20120425,,,,5.66,0
PPP,20120424,,,,5.66,0
PPP,20120423,,,,5.66,0
PPP,20120420,5.66,5.66,5.66,5.66,100
PPP,20120419,5.39,5.39,5.39,5.39,4200
PPP,20120418,5.39,5.39,5.39,5.39,100
PPP,20120417,5.39,5.39,5.39,5.39,300
PPP,20120416,5.39,5.39,5.39,5.39,500
PPP,20120413,,,,5.39,0
PPP,20120412,5.39,5.39,5.39,5.39,600
PPP,20120411,5.4,5.4,5.4,5.39,100
PPP,20120410,5.32,5.32,5.32,5.33,1100
PPP,20120409,5.66,5.66,5.66,5.66,100
PPP,20120406,,,,5.66,0
PPP,20120405,5.67,5.67,5.67,5.66,100
PPP,20120404,5.39,5.39,5.32,5.33,1600
PPP,20120403,5.73,5.73,5.39,5.39,200
PPP,20120330,5.39,5.39,5.39,5.39,100
PPP,20120329,5.79,5.79,5.66,5.66,600
PPP,20120328,5.66,5.66,5.66,5.66,100
PPP,20120327,5.46,5.46,5.4,5.39,7100
PPP,20120326,5.8,5.8,5.8,5.8,100
PPP,20120323,5.46,5.46,5.46,5.46,8000
PPP,20120322,6.07,6.07,5.74,5.73,4400
PPP,20120321,6.13,6.2,6.13,6.14,2800
PPP,20120320,6.6,6.6,6.47,6.47,300
PPP,20120319,6.2,6.2,6.2,6.2,100
PPP,20120316,,,,6.07,0
PPP,20120315,6.07,6.07,6.07,6.07,3000
PPP,20120314,6.14,6.14,6.07,6.07,1900
PPP,20120313,6.41,6.54,6.41,6.54,6600
PPP,20120312,6.07,6.21,6.07,6.07,2500
PPP,20120309,5.86,5.86,5.86,5.87,100
PPP,20120308,5.66,5.66,5.66,5.66,100
PPP,20120307,5.73,5.73,5.39,5.39,2700
PPP,20120306,5.4,5.4,5.4,5.39,700
PPP,20120305,5.06,5.06,5.06,5.06,100
PPP,20120302,4.79,4.79,4.79,4.79,1000
PPP,20120301,5.06,5.06,5.06,5.06,700
PPP,20120229,5.05,5.59,5.05,5.6,9700
PPP,20120228,5.4,5.4,5.4,5.39,500
PPP,20120227,6.2,6.2,5.8,5.8,5000
PPP,20120224,,,,6.2,0
PPP,20120223,6.14,6.21,6.14,6.2,500
PPP,20120222,6.14,6.14,6.14,6.14,100
PPP,20120221,5.8,5.8,5.8,5.8,500
PPP,20120220,5.6,5.6,5.6,5.6,100
PPP,20120217,5.32,5.32,5.32,5.33,100
PPP,20120216,4.79,5.4,4.79,5.39,3500
PPP,20120215,4.99,5.06,4.99,5.06,3700
PPP,20120214,4.52,5,4.52,4.99,200
PPP,20120213,4.52,4.85,4.52,4.86,7100
PPP,20120210,4.72,4.92,4.72,4.92,8000
PPP,20120209,,,,4.72,0
PPP,20120208,4.25,4.72,4.25,4.72,1100
PPP,20120207,4.45,4.45,4.45,4.45,2700
PPP,20120206,4.65,4.65,4.65,4.65,100
PPP,20120203,4.18,4.38,4.18,4.38,1200
PPP,20120202,4.39,4.39,4.39,4.38,100
PPP,20120201,3.85,4.32,3.85,4.32,200
PPP,20120131,4.04,4.04,4.04,4.05,100
PPP,20120130,,,,3.91,0
PPP,20120120,3.91,3.91,3.91,3.91,500
PPP,20120119,,,,4.18,0
PPP,20120118,,,,4.18,0
PPP,20120117,4.18,4.18,4.18,4.18,100
PPP,20120116,,,,4.45,0
PPP,20120113,4.45,4.45,4.45,4.45,2000
PPP,20120112,,,,4.72,0
PPP,20120111,4.72,4.72,4.72,4.72,2000
PPP,20120110,4.65,4.65,4.45,4.45,10200
PPP,20120109,4.38,4.72,4.38,4.72,9400
PPP,20120106,,,,4.45,0
PPP,20120105,4.32,4.46,4.32,4.45,3200
PPP,20120104,4.58,4.58,4.58,4.59,100
PPP,20120103,4.92,4.92,4.92,4.92,4000
PPP,20111230,4.45,4.65,4.45,4.65,1900
PPP,20111229,4.65,4.65,4.65,4.65,100
PPP,20111228,4.92,4.92,4.92,4.92,5800
PPP,20111227,4.65,4.65,4.65,4.65,6700
PPP,20111226,4.39,4.39,4.39,4.38,100
PPP,20111223,4.58,4.58,4.58,4.59,100
PPP,20111222,4.72,4.92,4.72,4.92,12500
PPP,20111221,4.38,4.65,4.38,4.65,900
PPP,20111220,,,,4.65,0
PPP,20111219,4.66,4.66,4.66,4.65,300
PPP,20111216,4.85,4.85,4.85,4.86,100
PPP,20111215,4.59,4.72,4.52,4.65,18700
PPP,20111214,4.59,4.72,4.59,4.72,3000
PPP,20111213,4.72,4.85,4.45,4.86,42900
PPP,20111212,4.72,4.72,4.65,4.65,2200
PPP,20111209,,,,4.99,0
PPP,20111208,4.99,4.99,4.99,4.99,100
PPP,20111207,4.59,4.72,4.59,4.72,500
PPP,20111206,4.72,4.85,4.72,4.86,19800
PPP,20111205,4.45,4.65,4.45,4.65,4400
PPP,20111202,4.38,4.38,4.38,4.38,5900
PPP,20111201,4.38,4.38,4.38,4.38,1000
PPP,20111130,4.32,4.32,4.25,4.25,3300
PPP,20111129,,,,4.32,0
PPP,20111128,4.31,4.31,4.31,4.32,400
PPP,20111125,4.38,4.38,4.38,4.38,4000
PPP,20111124,4.38,4.38,4.38,4.38,200
PPP,20111123,4.25,4.25,4.25,4.25,600
PPP,20111122,,,,3.91,0
PPP,20111121,3.91,4.05,3.91,3.91,1100
PPP,20111118,4.18,4.18,4.18,4.18,2000
PPP,20111117,4.38,4.38,4.11,4.11,2800
PPP,20111116,4.18,4.45,4.18,4.45,6300
PPP,20111115,,,,4.45,0
PPP,20111114,4.45,4.45,4.45,4.45,500
PPP,20111111,4.45,4.45,4.45,4.45,400
PPP,20111110,4.38,4.38,4.11,4.38,8100
PPP,20111109,4.39,4.39,4.39,4.38,3000
PPP,20111108,4.59,4.59,4.32,4.32,1400
PPP,20111107,4.31,4.31,4.31,4.32,2000
PPP,20111104,4.38,4.38,4.38,4.38,19200
PPP,20111103,3.84,4.11,3.84,4.11,3100
PPP,20111102,4.11,4.11,4.11,4.11,100
PPP,20111101,4.38,4.38,4.38,4.38,5300
PPP,20111031,,,,4.59,0
PPP,20111028,4.39,4.59,4.39,4.59,1500
PPP,20111027,4.79,4.79,4.39,4.52,5400
PPP,20111026,4.51,4.65,4.51,4.59,1400
PPP,20111025,4.38,4.38,4.38,4.38,100
PPP,20111024,4.38,4.38,4.38,4.38,3800
PPP,20111021,3.84,4.18,3.84,4.18,800
PPP,20111020,3.91,3.91,3.91,3.91,100
PPP,20111019,3.98,4.18,3.98,4.11,2300
PPP,20111018,4.25,4.25,4.25,4.25,700
PPP,20111017,4.52,4.52,4.52,4.52,1500
PPP,20111014,4.79,4.79,4.79,4.79,100
PPP,20111013,4.52,4.52,4.52,4.52,100
PPP,20111012,4.79,4.79,4.32,4.72,37200
PPP,20111011,4.58,4.65,4.51,4.52,18000
PPP,20111010,4.59,4.59,4.38,4.38,7700
PPP,20111007,4.52,4.72,4.45,4.72,8500
PPP,20111006,4.72,4.72,4.45,4.45,3500
PPP,20111005,4.59,4.72,4.52,4.52,36900
PPP,20111004,4.86,4.86,4.86,4.86,2600
PPP,20111003,4.72,4.79,4.72,4.79,3000
PPP,20110930,4.79,4.79,4.52,4.52,11900
PPP,20110929,5.06,5.06,4.72,4.79,28900
PPP,20110928,4.72,4.85,4.72,4.86,21300
PPP,20110927,4.58,4.72,4.52,4.65,13300
PPP,20110926,5.33,5.33,4.65,4.65,27700
PPP,20110923,4.99,4.99,4.92,4.99,23500
PPP,20110922,4.52,4.72,4.52,4.72,21000
PPP,20110921,4.38,4.52,4.38,4.52,300
PPP,20110920,4.18,4.39,4.18,4.25,14300
PPP,20110919,4.32,4.32,4.05,4.32,6100
PPP,20110916,4.45,4.45,4.32,4.32,2400
PPP,20110915,4.72,4.92,4.45,4.72,7800
PPP,20110914,4.72,4.72,4.72,4.72,25200
PPP,20110913,4.32,4.46,4.32,4.45,53300
PPP,20110912,4.18,4.45,4.05,4.05,8000
PPP,20110909,4.32,4.32,4.12,4.25,15100
PPP,20110908,4.45,4.45,4.25,4.25,9800
PPP,20110907,4.31,4.45,4.31,4.45,10500
PPP,20110906,4.24,4.31,4.11,4.18,19600
PPP,20110905,4.04,4.38,4.04,4.11,39400
PPP,20110901,4.31,4.31,4.11,4.11,5500
PPP,20110831,4.38,4.38,4.38,4.38,1000
PPP,20110830,4.46,4.52,4.25,4.25,13300
PPP,20110829,4.38,4.38,4.31,4.32,2100
PPP,20110826,4.38,4.38,4.18,4.18,3700
PPP,20110825,4.66,4.66,4.18,4.18,14800
PPP,20110824,4.31,4.51,4.31,4.32,3300
PPP,20110823,4.18,4.31,4.11,4.11,11100
PPP,20110822,4.52,4.52,4.38,4.38,8300
PPP,20110819,4.65,4.65,4.65,4.65,500
PPP,20110818,4.45,4.45,4.45,4.45,200
PPP,20110817,4.31,4.38,3.91,4.38,400
PPP,20110816,4.18,4.18,4.18,4.18,200
PPP,20110815,3.98,3.98,3.98,3.98,300
PPP,20110812,,,,4.25,0
PPP,20110811,4.25,4.25,4.25,4.25,200
PPP,20110810,4.25,4.25,3.98,3.98,4900
PPP,20110809,4.25,4.25,4.25,4.25,100
PPP,20110808,4.52,4.52,4.52,4.52,500
PPP,20110805,4.52,4.52,4.04,4.25,2000
PPP,20110804,3.91,4.38,3.91,3.91,2100
PPP,20110803,4.18,4.18,4.11,4.11,1600
PPP,20110802,4.11,4.38,4.11,4.38,1600
PPP,20110801,4.39,4.39,4.39,4.38,2000
PPP,20110729,4.59,4.99,4.59,4.59,12100
PPP,20110728,4.99,4.99,4.79,4.79,200
PPP,20110727,4.79,4.99,4.79,4.99,1100
PPP,20110726,,,,5.39,0
PPP,20110725,5.05,5.39,5.05,5.39,1300
PPP,20110722,5.4,5.4,5.4,5.39,100
PPP,20110721,5.8,5.8,5.8,5.8,1400
PPP,20110720,6.21,6.21,6.21,6.2,100
PPP,20110719,6.61,6.61,6.61,6.61,300
PPP,20110718,7.08,7.08,7.08,7.08,200
PPP,20110708,5.8,5.8,5.59,5.8,5600
PPP,20110707,5.8,5.8,5.46,5.46,400
PPP,20110706,5.53,5.53,5.53,5.53,1800
PPP,20110705,5.4,5.4,5.06,5.06,200
PPP,20110704,5.39,5.39,5.33,5.33,400
PPP,20110701,5.32,5.39,5.25,5.26,6500
PPP,20110630,4.72,5.12,4.72,5.12,200
PPP,20110629,5.19,5.19,5.19,5.19,600
PPP,20110628,5.26,5.26,4.79,4.79,800
PPP,20110627,5.53,5.66,4.85,5.26,800
PPP,20110624,5.26,5.26,5.2,5.19,800
PPP,20110623,5.39,5.39,4.58,4.59,10600
PPP,20110622,4.86,5,4.86,4.92,5500
PPP,20110621,4.66,4.66,4.59,4.59,800
PPP,20110620,5.33,5.33,4.59,4.59,2500
PPP,20110617,4.99,4.99,4.99,4.99,500
PPP,20110616,4.65,4.72,4.65,4.65,3700
PPP,20110615,5.4,5.4,4.72,4.72,3800
PPP,20110614,4.99,5.33,4.99,5.33,4000
PPP,20110613,5.39,5.73,4.99,5.73,1500
PPP,20110610,5.26,5.66,5.26,5.26,2800
PPP,20110609,5.26,5.26,5.19,5.19,800
PPP,20110608,4.32,4.85,4.32,4.79,5400
PPP,20110607,4.25,4.72,4.25,4.72,1200
PPP,20110606,4.39,4.39,4.39,4.38,100
PPP,20110603,4.52,4.92,4.52,4.59,300
PPP,20110602,4.99,5.26,4.99,4.99,3200
PPP,20110601,5.06,5.06,4.92,4.99,7400
PPP,20110531,4.99,4.99,4.72,4.72,4200
PPP,20110530,4.72,4.85,4.11,4.72,5600
PPP,20110527,4.46,4.46,4.46,4.45,3700
PPP,20110526,4.05,4.05,4.05,4.05,1300
PPP,20110525,3.3,3.98,3.3,3.98,4300
PPP,20110524,3.64,3.64,3.64,3.64,4000
PPP,20110523,3.71,3.71,3.64,3.64,700
PPP,20110520,4.04,4.04,4.04,4.05,1000
PPP,20110519,4.39,4.39,4.39,4.38,100
PPP,20110518,4.05,4.05,3.71,4.05,4200
PPP,20110517,4.05,4.25,4.05,4.25,900
PPP,20110516,4.05,4.05,3.98,3.98,1500
PPP,20110513,4.85,4.85,4.18,4.18,1100
PPP,20110512,4.05,4.72,4.05,4.72,4100
PPP,20110511,4.45,4.45,4.45,4.45,400
PPP,20110510,4.59,4.59,4.39,4.38,400
PPP,20110509,4.86,4.86,4.86,4.86,200
PPP,20110506,,,,4.86,0
PPP,20110505,,,,4.86,0
PPP,20110504,4.85,4.85,4.85,4.86,500
PPP,20110429,4.65,4.65,4.65,4.65,100
PPP,20110428,4.46,4.46,4.18,4.18,600
PPP,20110427,4.12,4.59,4.12,4.59,400
PPP,20110426,,,,4.65,0
PPP,20110425,,,,4.65,0
PPP,20110422,4.38,4.65,4.38,4.65,200
PPP,20110421,,,,4.65,0
PPP,20110420,4.92,4.92,4.65,4.65,1100
PPP,20110419,4.59,4.65,4.59,4.65,200
PPP,20110418,4.99,4.99,4.25,4.25,4600
PPP,20110415,4.72,4.72,4.72,4.72,200
PPP,20110414,4.72,4.72,4.72,4.72,200
PPP,20110413,4.99,4.99,4.72,4.72,4600
PPP,20110408,4.65,4.72,4.65,4.72,6500
PPP,20110407,4.52,4.52,4.52,4.52,500
PPP,20110406,4.46,4.46,4.18,4.18,1100
PPP,20110405,4.05,4.05,4.05,4.05,500
PPP,20110404,4.59,4.59,4.32,4.32,1500
PPP,20110401,4.79,4.79,4.79,4.79,200
PPP,20110331,4.85,4.85,4.18,4.86,3100
PPP,20110330,4.45,4.45,4.45,4.45,100
PPP,20110329,5.06,5.06,4.79,4.79,4800
PPP,20110328,5.33,5.33,5.2,5.19,600
PPP,20110325,5,5,4.86,4.86,2100
PPP,20110324,4.52,4.58,4.52,4.59,300
PPP,20110323,4.65,4.65,3.98,4.65,6200
PPP,20110322,4.32,5.12,4.25,4.25,15000
PPP,20110321,5.66,5.66,4.72,4.72,4100
PPP,20110318,6.06,6.06,5.12,5.12,6100
PPP,20110317,5.73,5.73,5.66,5.66,4500
PPP,20110316,6.28,6.28,6.28,6.27,100
PPP,20110315,6.54,6.54,5.66,6.41,1200
PPP,20110314,6,6,6,6,100
PPP,20110311,5.73,5.73,5.73,5.73,100
PPP,20110310,5.8,5.8,5.66,5.66,3100
PPP,20110309,6.27,6.27,6.27,6.27,100
PPP,20110308,4.99,6.07,4.99,6.07,300
PPP,20110307,,,,6.27,0
PPP,20110304,5.19,6.27,5.19,6.27,900
PPP,20110303,5.33,5.8,5.33,5.8,800
PPP,20110302,5.8,5.8,5.8,5.8,100
PPP,20110301,6.34,6.34,6.34,6.34,100
PPP,20110228,5.46,6.07,5.46,6.07,6200
PPP,20110225,6.07,6.07,6.07,6.07,100
PPP,20110224,5.6,5.6,5.53,5.53,3500
PPP,20110223,6.41,6.41,5.39,5.73,13600
PPP,20110222,5.46,6.54,5.46,6.54,300
PPP,20110221,5.8,6.07,5.8,6.07,1200
PPP,20110218,5.8,6.75,5.8,6.74,300
PPP,20110217,6.41,6.41,6.41,6.41,400
PPP,20110216,7.01,7.01,6.4,6.54,2600
PPP,20110215,,,,6.74,0
PPP,20110214,6.74,6.74,6.74,6.74,500
PPP,20110211,7.08,7.08,6.07,6.07,1500
PPP,20110210,6.74,6.74,6.41,6.41,13800
PPP,20110209,7.08,7.08,7.08,7.08,4000
PPP,20110128,7.62,7.62,7.62,7.62,100
PPP,20110127,,,,7.42,0
PPP,20110126,7.42,7.42,7.42,7.42,900
PPP,20110125,7.42,7.42,7.35,7.35,1300
PPP,20110124,7.02,7.42,7.02,7.42,25800
PPP,20110121,6.81,7.41,6.81,7.42,7100
PPP,20110120,7.02,7.02,7.02,7.01,100
PPP,20110119,7.08,7.42,7.08,7.42,2600
PPP,20110118,6.75,6.95,6.75,6.95,15600
PPP,20110117,7.48,7.48,6.74,6.88,18600
PPP,20110114,7.35,7.55,7.35,7.48,4700
PPP,20110113,7.42,7.42,7.42,7.42,4000
PPP,20110112,7.62,7.69,7.42,7.62,3500
PPP,20110111,7.08,7.42,7.08,7.15,5300
PPP,20110110,6.47,7.41,6.07,6.88,13900
PPP,20110107,6.74,6.74,6.74,6.74,1600
PPP,20110106,,,,7.01,0
PPP,20110105,,,,7.01,0
PPP,20110104,7.08,7.08,7.01,7.01,2000
PPP,20101231,6.74,6.74,6.74,6.74,100
PPP,20101230,6.74,6.74,6.74,6.74,100
PPP,20101229,6.27,6.27,6.27,6.27,100
PPP,20101228,7.02,7.02,6.48,6.47,3300
PPP,20101227,6.75,7.29,6.75,6.95,10800
PPP,20101224,6.94,6.94,6.94,6.95,100
PPP,20101223,6.67,6.67,6.27,6.27,600
PPP,20101222,6.27,6.27,6.2,6.2,3000
PPP,20101221,6.27,6.61,6.07,6.07,2300
PPP,20101220,6.27,6.27,6.27,6.27,1000
PPP,20101217,6.27,6.27,6.27,6.27,1000
PPP,20101216,5.74,5.74,5.74,5.73,100
PPP,20101215,6.07,6.41,6.07,6.41,400
PPP,20101214,6.4,6.4,6.4,6.41,400
PPP,20101213,6.94,6.94,6.74,6.74,7000
PPP,20101210,7.01,7.01,7.01,7.01,100
PPP,20101209,6.81,6.81,6.81,6.81,5400
PPP,20101208,6.4,6.4,6.2,6.2,600
PPP,20101207,6.61,7.01,6.41,7.01,7000
PPP,20101206,6.88,6.88,6.74,6.88,12300
PPP,20101203,6.27,6.27,6.2,6.27,20200
PPP,20101202,5.73,5.8,5.6,5.8,6200
PPP,20101201,5.13,5.4,5.13,5.33,3100
PPP,20101130,6.01,6.01,5.53,5.53,2700
PPP,20101129,6.27,6.27,5.47,6.14,6900
PPP,20101126,5.66,5.86,5.66,5.87,1500
PPP,20101125,5.93,5.93,5.93,5.93,300
PPP,20101124,5.66,5.66,5.66,5.66,3200
PPP,20101123,5.26,5.39,5.26,5.26,6700
PPP,20101122,5.39,5.39,5.39,5.39,9300
PPP,20101119,6.07,6.07,5.19,5.19,6700
PPP,20101118,5.53,5.53,5.53,5.53,500
PPP,20101117,,,,4.99,0
PPP,20101116,5.06,5.06,4.99,4.99,1000
PPP,20101115,5.66,5.66,4.85,5.26,3100
PPP,20101112,5.73,5.73,5.39,5.39,9700
PPP,20101111,6.47,6.47,5.73,5.73,3300
PPP,20101110,5.94,5.94,5.94,5.93,500
PPP,20101109,6.07,6.07,6.07,6.07,500
PPP,20101108,6.07,6.07,6.07,6.07,100
PPP,20101105,,,,6.07,0
PPP,20101104,6.07,6.07,6.07,6.07,3300
PPP,20101103,6.21,6.21,6,6,2300
PPP,20101102,,,,6.47,0
PPP,20101101,6.74,6.74,6.47,6.47,200
PPP,20101029,,,,6.54,0
PPP,20101028,6.61,6.61,6.55,6.54,700
PPP,20101027,,,,7.01,0
PPP,20101026,6.88,7.01,6.88,7.01,2200
PPP,20101025,6.61,6.61,6.61,6.61,200
PPP,20101022,6.54,6.61,6.54,6.61,1300
PPP,20101021,6.74,6.74,6.07,6.07,2500
PPP,20101020,6.07,6.21,6.07,6.2,700
PPP,20101019,6.48,6.48,6.41,6.41,300
PPP,20101018,6.54,6.54,6.4,6.41,800
PPP,20101015,6.87,6.87,6.47,6.47,900
PPP,20101014,7.15,7.15,6.34,6.74,2300
PPP,20101013,6.81,6.81,6.81,6.81,100
PPP,20101012,7.42,7.42,6.88,6.88,5600
PPP,20101011,,,,7.62,0
PPP,20101008,7.62,7.62,7.62,7.62,100
PPP,20101007,7.08,7.08,6.88,6.88,1900
PPP,20101006,7.41,7.41,7.35,7.35,3400
PPP,20101005,7.28,7.28,7.28,7.28,1000
PPP,20101004,,,,7.28,0
PPP,20101001,,,,7.28,0
PPP,20100930,,,,7.28,0
PPP,20100929,7.55,7.55,7.28,7.28,1000
PPP,20100928,6.95,7.55,6.95,7.55,400
PPP,20100927,7.28,7.28,7.15,7.15,5100
PPP,20100924,,,,7.28,0
PPP,20100923,6.94,7.28,6.94,7.28,5500
PPP,20100922,7.14,7.28,7.14,7.28,4800
PPP,20100921,7.76,7.76,7.76,7.75,500
PPP,20100920,7.29,7.89,7.29,7.42,6600
PPP,20100917,7.68,7.68,7.68,7.69,1600
PPP,20100916,,,,7.28,0
PPP,20100915,7.29,7.29,7.29,7.28,300
PPP,20100914,7.28,7.42,7.28,7.42,5500
PPP,20100913,6.88,7.08,6.88,7.08,300
PPP,20100910,8.09,8.09,7.01,7.01,23500
PPP,20100909,8.23,8.23,7.56,7.89,2300
PPP,20100908,,,,8.16,0
PPP,20100907,8.23,8.23,8.16,8.16,2400
PPP,20100906,8.03,8.57,8.03,8.23,16700
PPP,20100901,7.55,7.96,7.48,7.96,27900
PPP,20100831,7.55,7.69,6.75,7.35,105100
PPP,20100830,6.95,7.28,6.95,7.15,60000
PPP,20100827,6.61,6.81,6.61,6.61,8200
PPP,20100826,6.88,6.88,6.14,6.88,13600
PPP,20100825,6.95,6.95,6.68,6.68,15400
PPP,20100824,7.88,7.88,7.08,7.35,3500
PPP,20100823,7.62,7.62,7.49,7.48,1700
PPP,20100820,7.41,7.68,7.35,7.62,9000
PPP,20100819,8.09,8.09,7.75,7.75,200
PPP,20100818,7.75,7.82,7.48,7.75,15000
PPP,20100817,8.29,8.29,8.23,8.29,10300
PPP,20100816,8.09,8.36,8.09,8.36,11500
PPP,20100813,7.55,8.09,7.41,7.55,22600
PPP,20100812,7.75,7.75,7.35,7.48,4500
PPP,20100811,7.49,8.16,7.49,7.62,18100
PPP,20100810,8.43,8.43,8.09,8.16,13900
PPP,20100809,9.17,9.17,8.77,9.17,1100
PPP,20100806,8.16,8.43,8.16,8.43,1500
PPP,20100805,8.1,8.23,8.1,8.23,2200
PPP,20100804,8.43,9.04,8.23,8.23,16800
PPP,20100803,10.59,10.59,8.77,9.85,9600
PPP,20100802,10.59,10.59,9.44,9.44,3300
PPP,20100730,9.58,9.98,9.44,9.44,6900
PPP,20100729,9.57,10.11,9.57,9.78,1800
PPP,20100728,10.12,10.12,9.65,9.64,1800
PPP,20100727,,,,10.25,0
PPP,20100726,10.78,10.78,10.25,10.25,9400
PPP,20100723,9.98,10.45,9.91,10.38,11300
PPP,20100722,9.98,9.98,9.44,9.64,32400
PPP,20100721,10.39,10.65,10.25,10.25,22800
PPP,20100720,10.93,11.06,10.46,10.52,29100
PPP,20100719,12.4,12.4,10.79,10.86,31500
PPP,20100716,10.79,12.27,10.79,11.19,37913
PPP,20100715,11.13,11.8,10.86,11.26,16170
PPP,20100714,11.39,12.47,10.65,11.13,31900
PPP,20100713,11.6,11.8,10.92,11.46,25150
PPP,20100712,11.13,12.14,11.13,11.53,90060
PPP,20100709,10.45,11.39,10.45,11.13,20450
PPP,20100708,11.26,11.26,10.18,10.18,8150
PPP,20100707,13.48,13.48,11.06,11.06,20410
PPP,20100706,12.27,12.27,12.13,12.27,108900
PPP,20100705,11.19,11.19,10.45,11.19,108100
PPP,20100702,9.84,10.18,9.64,10.18,96250
PPP,20100701,8.84,9.65,8.84,9.44,9130
PPP,20100630,8.77,8.77,8.77,8.77,200
PPP,20100629,9.98,9.98,8.76,9.44,20590
PPP,20100628,9.91,9.91,9.31,9.37,21420
PPP,20100625,10.11,10.11,8.97,8.97,5760
PPP,20100624,9.1,9.98,8.9,9.44,26430
PPP,20100623,9.1,9.1,8.76,9.1,21160
PPP,20100622,8.76,8.76,8.09,8.63,8690
PPP,20100621,8.5,8.63,8.5,8.63,18800
PPP,20100618,7.89,7.89,7.89,7.89,5500
PPP,20100617,7.22,7.22,7.22,7.22,10
PPP,20100616,6.61,6.61,6.61,6.61,30
PPP,20100615,7.48,7.48,7.08,7.08,6000
PPP,20100614,8.9,8.9,7.29,7.28,700
PPP,20100611,7.35,8.23,7.35,8.23,130
PPP,20100610,8.15,8.15,6.74,8.16,34400
PPP,20100609,7.42,7.49,7.08,7.48,4540
PPP,20100608,6.4,6.87,6.4,6.88,1710
PPP,20100607,7.08,7.08,6.14,6.74,12700
PPP,20100604,6.81,6.88,6.81,6.88,1500
PPP,20100603,7.08,7.14,7.08,7.15,3300
PPP,20100602,6.41,7.75,6.41,7.75,2050
PPP,20100601,6.74,8.23,6.74,7.08,1350
PPP,20100531,8.5,8.5,7.02,7.08,1700
PPP,20100528,8.5,8.5,7.01,8.5,700
PPP,20100527,7.89,7.89,7.62,7.62,200
PPP,20100526,,,,7.22,0
PPP,20100525,7.21,7.21,7.21,7.22,100
PPP,20100524,7.49,7.49,6.21,6.2,300
PPP,20100521,6,7.15,6,7.15,700
PPP,20100520,7.41,7.41,6.07,6.07,280
PPP,20100519,6.74,6.74,6.74,6.74,2300
PPP,20100518,6.47,7.75,6.47,6.74,770
PPP,20100517,7.49,7.76,6.55,6.54,650
PPP,20100514,6.81,7.22,6.81,7.22,4100
PPP,20100513,6.61,6.61,6.61,6.61,500
PPP,20100512,7.28,7.28,7.28,7.28,1500
PPP,20100511,8.03,8.09,7.89,7.89,12200
PPP,20100510,8.9,8.9,8.7,8.7,3200
PPP,20100507,8.42,8.42,7.55,8.36,2990
PPP,20100506,7.42,7.76,7.08,7.75,8860
PPP,20100505,7.41,7.41,6.74,7.42,16510
PPP,20100504,6.74,6.74,6.74,6.74,2660
PPP,20100429,7.75,7.75,6.41,6.74,360
PPP,20100428,7.08,7.08,7.08,7.08,100
PPP,20100427,7.08,7.08,6.47,6.47,1210
PPP,20100426,,,,6.74,0
PPP,20100422,6.74,6.74,6.74,6.74,40
PPP,20100421,6.48,6.75,6.48,6.74,1500
PPP,20100420,7.15,7.15,7.15,7.15,50
PPP,20100419,,,,6.54,0
PPP,20100416,6.54,6.54,6.54,6.54,500
PPP,20100415,5.67,6.07,5.67,6.07,110
PPP,20100414,5.59,5.59,5.59,5.6,700
PPP,20100413,5.73,5.73,5.13,5.12,500
PPP,20100412,5.33,6.34,5.33,6.34,30
PPP,20100409,5.8,5.8,5.73,5.73,350
PPP,20100408,5.46,5.73,5.46,5.73,720
PPP,20100407,6.07,6.07,6.07,6.07,2000
PPP,20100406,5.66,6.88,5.66,6.88,700
PPP,20100405,5.87,7.02,5.87,7.01,300
PPP,20100402,6.41,6.41,6.41,6.41,3000
PPP,20100401,6.41,6.41,6.07,6.07,1500
PPP,20100331,6.41,6.41,6.41,6.41,1000
PPP,20100330,6.95,6.95,5.73,6.95,350
PPP,20100329,6.34,6.34,6.34,6.34,300
PPP,20100326,6.14,6.14,5.06,5.06,450
PPP,20100325,6.34,6.34,5.26,5.26,300
PPP,20100324,5.8,5.8,5.8,5.8,20
PPP,20100323,7.08,7.08,5.87,7.08,70
PPP,20100322,7.28,7.28,6.07,6.07,30
PPP,20100319,7.15,7.15,6.88,6.88,20
PPP,20100318,6.54,6.54,6.54,6.54,2500
PPP,20100317,7.82,7.82,6.48,6.54,2550
PPP,20100316,7.15,7.15,7.15,7.15,50
PPP,20100315,7.08,7.08,6.47,6.68,2090
PPP,20100312,,,,6.47,0
PPP,20100311,6.47,6.47,6.47,6.47,1000
PPP,20100310,7.42,7.42,6.07,6.54,1040
PPP,20100309,7.15,7.15,5.94,7.08,110
PPP,20100308,6.75,7.29,6.07,6.41,660
PPP,20100305,6.68,6.68,6.68,6.68,1100
PPP,20100304,6.07,6.07,6.07,6.07,20
PPP,20100303,6.48,7.42,6.48,6.74,1480
PPP,20100302,7.14,7.14,7.14,7.15,10
PPP,20100301,6.88,6.88,6.75,6.74,1010
PPP,20100226,,,,6.41,0
PPP,20100225,6.41,6.41,6.41,6.41,1000
PPP,20100224,7.08,7.08,7.08,7.08,20
PPP,20100223,6.74,6.74,6.74,6.74,200
PPP,20100222,,,,6.47,0
PPP,20100212,,,,6.47,0
PPP,20100211,,,,6.47,0
PPP,20100210,,,,6.47,0
PPP,20100209,,,,6.47,0
PPP,20100208,6.47,6.47,6.47,6.47,100
PPP,20100205,6.07,6.07,6.07,6.07,1000
PPP,20100204,,,,6.74,0
PPP,20100203,,,,6.74,0
PPP,20100202,6.68,6.75,6.68,6.74,1400
PPP,20100201,,,,7.69,0
PPP,20100129,7.69,7.69,7.69,7.69,300
PPP,20100128,,,,8.5,0
PPP,20100127,9.57,9.57,8.5,8.5,2040
PPP,20100126,9.44,9.44,9.44,9.44,50
PPP,20100125,9.24,9.24,9.24,9.24,50
PPP,20100122,8.43,8.43,8.43,8.43,50
PPP,20100121,7.68,7.68,7.68,7.69,50
PPP,20100120,7.02,7.02,7.02,7.01,100
PPP,20100119,6.41,6.41,6.41,6.41,1000
PPP,20100118,7.08,7.08,7.08,7.08,100
PPP,20100115,7.02,7.02,7.02,7.01,400
PPP,20100114,6.41,6.41,6.41,6.41,1000
PPP,20100113,6.74,6.74,6.13,6.14,9000
PPP,20100112,,,,6.74,0
PPP,20100111,,,,6.74,0
PPP,20100108,6.75,6.75,6.75,6.74,200
PPP,20100107,,,,7.42,0
PPP,20100106,6.68,7.42,6.68,7.42,340
PPP,20100105,,,,7.42,0
PPP,20100104,7.41,7.41,7.41,7.42,2500
PPP,20091231,6.74,6.74,6.74,6.74,1000
PPP,20091230,,,,6.2,0
PPP,20091229,,,,6.2,0
PPP,20091228,6.2,6.2,6.2,6.2,260
PPP,20091225,6.81,6.81,6.81,6.81,110
PPP,20091224,7.42,7.42,7.42,7.42,10000
PPP,20091223,8.09,8.09,8.09,8.09,100
PPP,20091222,,,,8.83,0
PPP,20091221,8.84,8.84,8.84,8.83,300
PPP,20091218,9.78,9.78,9.78,9.78,17000
PPP,20091217,,,,9.78,0
PPP,20091216,9.78,9.78,9.78,9.78,50
PPP,20091215,,,,9.44,0
PPP,20091214,9.44,9.44,9.44,9.44,50
PPP,20091211,,,,8.9,0
PPP,20091210,,,,8.9,0
PPP,20091209,8.9,8.9,8.9,8.9,10
PPP,20091208,8.09,8.09,8.09,8.09,10
PPP,20091207,,,,8.97,0
PPP,20091204,,,,8.97,0
PPP,20091203,,,,8.97,0
PPP,20091202,,,,8.97,0
PPP,20091201,,,,8.97,0
PPP,20091130,8.97,8.97,8.97,8.97,100
PPP,20091127,,,,8.36,0
PPP,20091126,,,,8.36,0
PPP,20091125,,,,8.36,0
PPP,20091124,6.88,8.36,6.88,8.36,80
PPP,20091123,,,,7.62,0
PPP,20091120,7.62,7.62,7.62,7.62,2000
PPP,20091119,8.43,8.43,8.43,8.43,1900
PPP,20091118,8.09,9.04,8.09,9.04,1350
PPP,20091117,8.43,8.43,8.43,8.43,10
PPP,20091116,7.55,8.63,7.55,8.63,6300
PPP,20091113,,,,8.09,0
PPP,20091112,8.76,8.76,8.09,8.09,6070
PPP,20091111,8.02,8.02,8.02,8.02,1250
PPP,20091110,7.82,8.02,7.82,8.02,2600
PPP,20091109,7.82,8.09,7.82,8.09,8000
PPP,20091106,8.7,8.7,7.42,7.42,3010
PPP,20091105,8.43,8.43,7.89,7.89,3300
PPP,20091104,8.63,8.76,8.63,8.77,7280
PPP,20091103,8.63,8.63,8.63,8.63,90
PPP,20091102,7.76,8.1,7.69,8.09,4000
PPP,20091030,8.5,8.5,8.5,8.5,500
PPP,20091029,,,,9.1,0
PPP,20091028,9.17,9.3,9.1,9.1,3450
PPP,20091027,,,,8.43,0
PPP,20091026,9.37,9.37,8.43,8.43,2040
PPP,20091023,9.44,9.44,8.77,9.1,10600
PPP,20091022,9.44,9.44,9.17,9.17,2050
PPP,20091021,10.25,10.25,8.77,8.77,10460
PPP,20091020,9.24,9.44,9.24,9.31,8060
PPP,20091019,,,,8.43,0
PPP,20091016,8.77,8.77,8.43,8.43,11950
PPP,20091015,7.75,8.76,7.75,8.77,8160
PPP,20091014,8.09,8.09,8.09,8.09,200
PPP,20091013,8.29,8.29,7.48,7.48,9000
PPP,20091012,,,,8.09,0
PPP,20091009,,,,8.09,0
PPP,20091008,7.41,8.09,7.41,8.09,2540
PPP,20091007,7.75,7.75,7.75,7.75,710
PPP,20091006,7.08,7.08,7.08,7.08,1000
PPP,20091005,7.42,7.42,7.42,7.42,1000
PPP,20091002,8.09,8.09,7.42,7.42,510
PPP,20091001,7.41,7.41,7.41,7.42,220
PPP,20090930,8.16,8.16,7.48,7.48,1800
PPP,20090929,8.43,8.43,8.09,8.09,3100
PPP,20090928,8.1,8.1,8.1,8.09,2000
PPP,20090925,9.31,9.31,8.5,8.5,1040
PPP,20090924,8.76,8.76,8.16,8.16,2720
PPP,20090923,9.44,9.44,8.1,8.09,3200
PPP,20090922,10.05,10.11,8.5,8.77,8700
PPP,20090921,,,,9.44,0
PPP,20090918,9.65,9.65,9.44,9.44,610
PPP,20090917,10.31,10.31,10.31,10.32,50
PPP,20090916,9.44,9.44,9.37,9.37,1100
PPP,20090915,10.38,10.38,10.38,10.38,100
PPP,20090914,9.44,10.86,9.44,9.44,2550
PPP,20090911,10.25,10.25,9.3,9.31,2560
PPP,20090910,9.11,9.51,9.11,9.37,4000
PPP,20090909,8.57,8.77,8.57,8.77,5400
PPP,20090908,9.37,10.04,9.37,10.05,1850
PPP,20090907,9.1,9.37,8.76,9.1,5000
PPP,20090904,9.44,9.44,9.37,9.37,3510
PPP,20090903,8.97,9.11,8.97,9.1,4700
PPP,20090901,7.96,8.77,7.96,8.77,5500
PPP,20090831,7.75,8.22,7.62,8.23,10610
PPP,20090828,7.42,7.76,7.42,7.75,5500
PPP,20090827,7.89,7.89,7.41,7.42,4100
PPP,20090826,7.95,7.95,7.28,7.28,2000
PPP,20090825,7.42,8.16,7.02,7.01,3450
PPP,20090824,,,,7.42,0
PPP,20090821,,,,7.42,0
PPP,20090820,7.41,7.48,7.41,7.42,3000
PPP,20090819,7.75,7.75,7.75,7.75,3780
PPP,20090818,7.08,7.08,7.08,7.08,4500
PPP,20090817,8.09,8.09,7.62,7.75,2000
PPP,20090814,8.43,8.43,8.43,8.43,1500
PPP,20090813,8.09,8.09,8.09,8.09,100
PPP,20090812,8.16,8.16,8.1,8.09,4000
PPP,20090811,8.3,8.3,8.23,8.23,2000
PPP,20090810,7.69,8.23,7.69,8.23,310
PPP,20090807,8.56,8.56,8.43,8.43,2000
PPP,20090806,8.37,9.24,8.37,9.1,130
PPP,20090805,8.77,8.77,8.77,8.77,200
PPP,20090804,,,,9.24,0
PPP,20090803,9.24,9.24,9.24,9.24,100
PPP,20090731,9.24,9.24,8.77,8.77,3200
PPP,20090730,9.91,9.91,8.97,8.97,3100
PPP,20090729,,,,9.78,0
PPP,20090728,,,,9.78,0
PPP,20090727,,,,9.78,0
PPP,20090724,9.78,9.78,9.78,9.78,60
PPP,20090723,9.98,9.98,8.76,9.98,410
PPP,20090722,9.65,9.65,7.89,9.1,976
PPP,20090721,8.76,8.76,8.76,8.77,1700
PPP,20090720,,,,9.58,0
PPP,20090717,10.78,10.78,9.57,9.58,900
PPP,20090716,9.98,12.14,9.98,10.11,1836
PPP,20090715,11.06,11.06,11.06,11.06,50
PPP,20090714,10.38,10.38,10.31,10.32,70
PPP,20090713,9.44,10.38,9.44,10.38,310
PPP,20090710,9.45,9.45,9.45,9.44,300
PPP,20090709,,,,9.58,0
PPP,20090708,9.57,9.57,9.57,9.58,2100
PPP,20090707,10.59,10.72,10.59,10.65,5700
PPP,20090706,12.81,12.81,10.58,12.81,2200
PPP,20090703,,,,11.6,0
PPP,20090702,11.53,13.48,11.53,11.6,1300
PPP,20090701,12.75,12.75,12.75,12.74,100
PPP,20090630,13.96,16.92,13.96,16.93,210
PPP,20090629,15.44,15.44,15.44,15.44,100
PPP,20090626,14.09,14.09,14.09,14.09,2400
PPP,20090625,12.81,12.81,12.81,12.81,300
PPP,20090624,10.11,13.48,10.11,10.11,300
